meals_served,temp_c,is_holiday,waste_kg,checkout_price,base_price,emailer_for_promotion,homepage_featured,price_ratio,month,day_Friday,day_Monday,day_Saturday,day_Sunday,day_Thursday,day_Tuesday,day_Wednesday,food_item_encoded
171.5,15.9,0,4.24,25975.0,30676.0,1,0,0.8467531620811057,4,0,0,0,0,1,0,0,8
75.0,-1.6,0,0.67,35288.0,29819.0,1,0,1.1834065528689761,1,0,0,0,0,0,0,1,12
171.5,16.9,0,5.08,44425.0,34238.0,1,1,1.2975349027396461,3,0,0,0,0,1,0,0,15
162.0,-4.9,0,2.82,63113.0,47205.0,0,1,1.33699819934329,2,0,0,0,0,0,1,0,16
151.0,12.4,0,1.42,38194.0,27684.0,0,0,1.3796416702788614,11,0,0,0,0,0,0,1,9
164.0,29.3,0,1.47,36208.0,25824.0,0,0,1.402106567534077,5,0,0,0,0,0,0,1,1
104.0,-2.4,0,1.97,40243.0,29549.0,0,0,1.3619073403499273,1,0,0,0,1,0,0,0,11
100.0,38.4,0,2.42,34398.0,29300.0,0,0,1.1739931740614336,6,1,0,0,0,0,0,0,12
171.5,16.6,0,2.01,43986.0,30676.0,0,0,1.4338896857478158,8,0,0,0,0,0,0,1,2
135.0,22.0,0,3.74,24599.0,17196.0,1,0,1.4305070946731797,9,1,0,0,0,0,0,0,8
245.0,11.9,0,6.09,52935.0,44519.0,1,0,1.1890428805678475,10,0,0,0,1,0,0,0,7
83.0,17.4,0,0.67,62254.0,53235.0,0,0,1.1694186155724617,4,1,0,0,0,0,0,0,16
232.0,16.6,0,3.28,34016.0,30422.0,1,0,1.1181381894681481,10,0,0,0,1,0,0,0,1
239.0,-5.0,0,4.84,28208.0,23095.0,0,1,1.2213899112361983,12,0,0,1,0,0,0,0,19
141.0,16.6,0,2.22,40243.0,21790.0,0,0,1.8468563561266635,12,0,1,0,0,0,0,0,19
163.0,41.0,0,2.82,39602.0,30348.0,1,0,1.3049294846447872,8,0,0,0,1,0,0,0,11
159.0,-0.0,0,3.57,52899.0,46647.0,0,1,1.1340279117628143,1,0,0,0,0,0,1,0,14
173.0,16.6,0,2.58,29189.0,23495.0,0,0,1.2423494360502234,8,0,1,0,0,0,0,0,19
127.0,36.1,0,2.81,73847.0,62793.0,0,0,1.1760387304317361,7,0,1,0,0,0,0,0,0
176.0,4.3,0,3.82,38560.0,30676.0,1,0,1.2570087364715086,1,0,0,0,0,0,1,0,2
126.0,20.8,0,2.21,31053.0,23539.0,0,0,1.3192149199201326,3,0,1,0,0,0,0,0,19
171.5,16.6,0,3.75,44223.0,34999.0,0,0,1.2635503871539187,10,0,0,0,1,0,0,0,4
170.0,-0.2,0,3.41,40243.0,29152.0,0,0,1.3804541712403953,10,0,0,0,0,1,0,0,1
167.0,45.0,0,4.64,24241.0,18288.0,1,0,1.3255139982502187,6,0,0,1,0,0,0,0,8
191.0,16.6,0,3.66,40243.0,44059.0,0,0,0.913388864931115,7,0,1,0,0,0,0,0,14
122.0,16.6,0,2.51,40784.0,30933.0,0,1,1.3184624834319336,8,0,0,1,0,0,0,0,11
171.5,18.9,0,3.66,68770.0,41853.0,0,1,1.6431319140802332,10,0,1,0,0,0,0,0,14
171.5,38.3,0,4.11,34172.0,25513.0,0,1,1.3393956022419944,7,0,0,0,0,1,0,0,1
146.0,16.6,0,1.84,36981.0,29234.0,0,1,1.2649996579325442,8,1,0,0,0,0,0,0,10
274.0,15.0,0,4.22,76002.0,30676.0,0,0,2.4775720432911723,10,0,0,0,1,0,0,0,0
91.0,16.6,0,1.46,39154.0,36690.0,0,0,1.067157263559553,11,0,0,0,0,0,1,0,4
83.0,16.0,0,0.85,45301.0,30622.0,0,0,1.4793612435503887,11,0,0,0,0,0,0,1,2
219.0,4.1,0,4.12,36729.0,30676.0,1,0,1.1973203807536836,5,0,0,0,0,1,0,0,11
172.0,32.2,0,1.92,60291.0,48372.0,0,1,1.2464028776978417,8,0,0,0,0,0,1,0,16
194.0,-6.7,0,3.31,40243.0,22260.0,0,1,1.8078616352201258,1,1,0,0,0,0,0,0,6
299.0,15.0,1,8.34,38257.0,26877.0,0,0,1.4234103508576106,10,0,0,0,0,0,1,0,10
231.0,-4.0,0,4.07,40243.0,30676.0,0,0,1.311872473594993,12,0,0,0,0,0,1,0,17
99.0,32.1,0,2.2,30216.0,23889.0,0,1,1.2648499309305539,7,0,0,0,0,0,1,0,18
193.0,4.0,0,1.64,40243.0,31467.0,0,0,1.2788953506848444,10,0,0,0,0,0,1,0,9
195.0,16.6,0,4.0,28945.0,30676.0,0,0,0.9435715217107836,3,0,0,1,0,0,0,0,6
261.0,16.6,0,2.56,33019.0,19864.0,0,0,1.6622533225936367,5,0,0,0,0,1,0,0,19
183.0,16.6,0,4.59,40243.0,30676.0,0,0,1.311872473594993,6,0,1,0,0,0,0,0,7
217.0,29.0,0,4.32,30951.0,30676.0,0,0,1.008964662928674,7,0,1,0,0,0,0,0,6
142.0,30.1,0,1.95,25156.0,19210.0,0,0,1.3095262883914627,6,0,0,0,0,0,1,0,8
171.5,2.7,0,5.32,50938.0,40015.0,1,0,1.2729726352617767,4,0,0,0,1,0,0,0,5
329.0,19.2,0,2.9,68822.0,46584.0,0,0,1.477374205735875,4,0,0,0,1,0,0,0,14
176.0,16.2,0,1.65,41848.0,30069.0,0,0,1.3917323489307925,11,0,0,1,0,0,0,0,2
93.0,16.6,0,1.13,74348.0,54312.0,0,0,1.3689055825600236,6,0,0,0,0,0,0,1,0
146.0,16.0,0,2.01,60538.0,30676.0,1,0,1.9734645977311254,4,1,0,0,0,0,0,0,14
70.0,16.6,0,1.55,37613.0,29688.0,0,0,1.266942872541094,4,1,0,0,0,0,0,0,3
87.0,-1.9,0,0.77,39209.0,30517.0,0,0,1.2848248517219911,12,0,1,0,0,0,0,0,10
332.0,0.2,1,8.31,38617.0,30676.0,0,0,1.2588668666058156,1,0,0,0,1,0,0,0,12
187.0,20.9,0,2.82,34145.0,27054.0,1,0,1.2621054187920455,3,0,0,0,0,0,0,1,9
176.0,29.1,0,3.02,52807.0,45424.0,0,0,1.1625352236703064,3,0,0,0,1,0,0,0,7
324.0,16.6,1,6.23,30984.0,30676.0,0,0,1.0100404224801147,3,0,0,0,0,0,0,1,12
149.0,32.2,0,2.82,36075.0,34774.0,0,1,1.0374130097199057,6,0,0,0,0,1,0,0,3
246.0,33.1,0,4.77,59298.0,30676.0,0,1,1.9330421176163777,8,0,0,0,0,1,0,0,14
171.5,38.5,0,5.39,38381.0,32475.0,0,0,1.1818629715165512,6,0,0,1,0,0,0,0,9
151.0,16.6,0,1.95,32188.0,30237.0,0,0,1.0645235969176836,1,0,1,0,0,0,0,0,12
231.0,17.2,0,2.8,38201.0,27338.0,0,0,1.3973589874899408,3,0,0,0,0,0,1,0,10
292.0,16.6,0,7.37,29893.0,25622.0,1,0,1.166692685972992,4,0,0,1,0,0,0,0,12
123.0,16.6,0,2.82,38642.0,24121.0,0,0,1.6020065503088594,10,0,1,0,0,0,0,0,18
157.0,21.9,0,3.68,40243.0,28799.0,1,0,1.3973749088510017,11,0,0,0,0,0,0,1,9
194.0,17.2,0,4.35,45387.0,34974.0,1,0,1.297735460627895,9,0,0,0,0,1,0,0,5
164.0,16.6,0,1.53,40742.0,33894.0,0,0,1.20204165929073,5,0,0,0,0,0,1,0,15
231.0,33.2,0,7.11,17125.0,9897.0,1,0,1.7303223198949176,7,0,1,0,0,0,0,0,13
171.5,34.1,0,1.7,64384.0,47252.0,1,0,1.3625666638449165,7,0,0,0,0,0,0,1,14
259.0,18.0,0,5.63,40243.0,30708.0,1,1,1.3105054057574574,10,0,0,0,0,1,0,0,10
310.0,5.1,0,7.65,36755.0,30676.0,1,0,1.198167948885122,5,0,0,0,1,0,0,0,17
171.5,7.7,0,2.82,40243.0,31773.0,0,0,1.2665785415289712,10,0,1,0,0,0,0,0,9
117.0,16.6,0,1.92,70345.0,62597.0,1,0,1.123775899803505,6,0,0,0,0,0,0,1,0
305.0,14.3,0,8.69,43162.0,30676.0,1,1,1.4070282957360802,4,0,0,0,1,0,0,0,5
231.0,36.7,0,7.24,41369.0,30676.0,0,0,1.3485786934411266,8,0,0,1,0,0,0,0,10
250.0,16.6,0,5.67,39848.0,33254.0,0,0,1.1982919348048355,9,0,0,1,0,0,0,0,15
154.0,16.6,0,2.82,40243.0,30388.0,1,1,1.3243056469659076,1,0,0,1,0,0,0,0,1
89.0,31.0,0,1.35,57794.0,39742.0,0,0,1.4542297820945096,8,0,0,0,0,1,0,0,7
120.0,18.9,0,1.99,17212.0,10855.0,1,0,1.58562874251497,9,1,0,0,0,0,0,0,13
218.0,6.3,0,4.4,36849.0,23192.0,0,0,1.5888668506381511,1,0,0,0,1,0,0,0,18
93.0,41.2,0,2.82,40243.0,49223.0,0,0,0.8175649594701664,8,0,0,0,0,1,0,0,14
181.0,-3.4,0,2.82,40686.0,30676.0,0,0,1.3263137306037294,1,0,0,0,0,0,0,1,3
218.0,31.6,0,3.55,36188.0,26528.0,0,0,1.3641435464414957,3,0,0,0,0,1,0,0,18
206.0,-3.1,1,6.82,15905.0,10360.0,0,0,1.5352316602316602,2,1,0,0,0,0,0,0,13
171.5,16.6,0,4.05,31585.0,26873.0,0,1,1.1753432813604734,4,0,0,0,1,0,0,0,18
276.0,12.5,0,7.72,43784.0,30140.0,1,0,1.4526874585268745,11,0,0,0,1,0,0,0,3
178.0,40.9,0,4.69,32916.0,28631.0,0,1,1.1496629527435298,7,0,0,0,0,0,0,1,12
114.0,16.6,0,2.08,63199.0,45414.0,0,0,1.3916193244373982,11,0,0,0,0,0,1,0,14
146.0,18.1,0,2.82,27478.0,20378.0,0,0,1.3484149573068995,4,0,0,1,0,0,0,0,19
251.0,5.7,1,7.41,33602.0,27521.0,0,0,1.2209585407506995,11,0,0,0,0,1,0,0,1
183.0,-0.5,0,2.38,16801.0,10329.0,0,0,1.6265853422402943,12,0,0,0,0,0,1,0,13
169.0,28.7,0,4.37,28880.0,20213.0,0,1,1.42878345619156,5,0,1,0,0,0,0,0,19
255.0,16.6,0,3.65,39039.0,28934.0,1,1,1.3492431049975806,12,0,0,1,0,0,0,0,11
171.5,24.5,0,5.6,33425.0,30676.0,0,1,1.0896140305124526,5,0,0,0,0,0,1,0,18
90.0,-6.5,0,1.02,36460.0,32807.0,0,0,1.1113481878867315,1,0,0,0,0,1,0,0,9
233.0,11.6,0,4.04,40243.0,56163.0,0,1,0.7165393586524936,11,0,0,1,0,0,0,0,0
101.0,26.7,0,1.13,53881.0,43410.0,0,0,1.2412117023727252,7,0,0,0,0,0,1,0,7
118.0,-6.9,0,1.26,27150.0,21699.0,1,0,1.251209733167427,1,0,1,0,0,0,0,0,6
120.0,-7.2,0,1.6,40568.0,31403.0,0,0,1.2918510970289463,1,0,0,1,0,0,0,0,17
171.5,21.7,0,2.13,33573.0,25696.0,0,0,1.3065457658779576,5,0,0,0,0,1,0,0,18
184.0,30.4,0,6.6,40243.0,36666.0,1,0,1.0975563192058038,7,0,0,0,1,0,0,0,15
323.0,8.0,0,3.12,43970.0,34534.0,0,0,1.2732379683789887,11,0,0,0,1,0,0,0,5
101.0,14.5,0,2.82,42687.0,29470.0,0,0,1.4484899898201562,10,0,0,0,0,0,1,0,2
141.0,-4.5,0,2.8,37179.0,24813.0,0,0,1.498367791077258,2,0,0,0,0,0,1,0,18
232.0,44.9,0,8.84,40243.0,30676.0,1,0,1.311872473594993,7,0,0,1,0,0,0,0,11
273.0,16.6,0,6.82,41289.0,34679.0,0,1,1.1906052654344128,8,0,0,1,0,0,0,0,3
171.5,7.4,0,2.23,51432.0,35361.0,0,0,1.45448375328752,9,0,0,0,0,0,0,1,4
197.0,9.5,0,2.99,38709.0,30676.0,0,0,1.2618659538401356,3,0,0,0,0,1,0,0,11
149.0,13.8,0,1.68,38925.0,27980.0,0,0,1.3911722659042174,3,0,0,1,0,0,0,0,9
225.0,29.0,0,2.33,32193.0,27951.0,1,0,1.1517655897821186,5,0,0,0,0,0,1,0,12
217.0,-1.5,0,2.41,26545.0,18472.0,0,0,1.4370398440883498,2,0,0,1,0,0,0,0,8
144.0,-13.9,0,1.96,44772.0,30676.0,0,0,1.4595123223366802,1,1,0,0,0,0,0,0,9
127.0,3.2,0,2.96,40243.0,31227.0,0,1,1.2887245012329074,2,1,0,0,0,0,0,0,4
171.5,-9.3,0,6.17,40243.0,32350.0,0,1,1.2439876352395671,12,0,0,0,0,0,0,1,4
250.0,18.2,0,2.19,60317.0,30676.0,1,0,1.9662602686139001,4,0,0,0,0,1,0,0,14
171.5,10.9,0,1.97,38080.0,34300.0,0,0,1.110204081632653,10,0,0,0,0,1,0,0,3
127.0,32.4,0,3.96,34412.0,29486.0,1,0,1.1670623346672997,8,1,0,0,0,0,0,0,17
328.0,15.2,0,6.04,47591.0,30405.0,0,0,1.56523598092419,10,0,0,1,0,0,0,0,11
171.5,17.5,0,2.53,14543.0,9273.0,0,0,1.5683166181386823,4,1,0,0,0,0,0,0,13
171.5,-2.9,0,3.2,39769.0,36258.0,0,1,1.0968338021953776,2,0,1,0,0,0,0,0,15
224.0,7.3,0,4.1,40243.0,22219.0,1,0,1.8111976236554301,9,0,0,0,0,0,0,1,6
171.5,37.2,0,2.45,42038.0,31004.0,0,0,1.355889562637079,8,0,0,0,0,0,0,1,17
241.0,1.9,0,2.82,40243.0,29057.0,0,0,1.3849674777162129,9,0,0,1,0,0,0,0,9
203.0,16.4,0,2.82,38838.0,32676.0,0,0,1.1885787734116784,11,1,0,0,0,0,0,0,4
264.0,-7.7,0,5.89,13249.0,30676.0,1,1,0.43190116051636457,12,0,0,0,1,0,0,0,13
171.5,16.6,0,2.58,29189.0,23495.0,0,0,1.2423494360502234,8,0,1,0,0,0,0,0,19
177.0,16.6,0,2.82,36951.0,27964.0,1,0,1.321377485338292,5,0,0,0,0,0,1,0,2
140.0,16.6,0,1.14,66461.0,30676.0,1,0,2.1665471378276178,3,0,1,0,0,0,0,0,0
201.0,20.9,0,3.32,49873.0,34447.0,0,1,1.4478183876680117,5,0,0,0,0,1,0,0,4
67.0,38.3,0,0.73,36530.0,30024.0,0,0,1.216693312017053,7,0,1,0,0,0,0,0,3
352.0,-7.8,1,4.72,40243.0,27163.0,0,0,1.4815373854139822,1,0,1,0,0,0,0,0,12
127.0,38.4,0,1.96,29172.0,20641.0,1,1,1.413303619010707,6,0,0,0,0,0,0,1,6
104.0,40.9,0,2.74,24419.0,19784.0,0,1,1.2342802264456125,6,0,0,0,0,1,0,0,8
142.0,18.6,0,1.43,40243.0,33666.0,0,0,1.195360304164439,5,0,0,0,0,1,0,0,15
191.0,16.6,0,3.69,75222.0,61605.0,0,0,1.2210372534696858,5,0,0,0,0,1,0,0,0
178.0,11.8,0,3.53,51052.0,38837.0,1,0,1.314519659087983,11,0,0,1,0,0,0,0,5
73.0,12.8,0,2.82,41616.0,37734.0,1,0,1.1028780410240102,10,0,0,0,0,0,0,1,15
242.0,30.2,0,3.82,15367.0,9873.0,0,1,1.5564671325838144,8,1,0,0,0,0,0,0,13
171.5,13.0,0,0.93,65770.0,30676.0,1,0,2.1440213847959315,9,0,0,0,0,0,1,0,14
171.5,-5.1,1,1.66,39223.0,29672.0,1,0,1.3218859530870855,1,0,1,0,0,0,0,0,11
160.0,16.6,0,2.24,40355.0,30676.0,1,1,1.3155235363150346,7,0,0,0,0,0,0,1,1
72.0,-3.7,0,0.94,27215.0,21832.0,1,0,1.2465646757053865,12,0,0,0,0,0,1,0,6
88.0,38.4,0,2.08,28502.0,21505.0,0,0,1.3253661939083934,8,0,0,0,0,0,1,0,19
209.0,-2.1,0,4.55,69379.0,47848.0,0,1,1.4499874602909213,2,0,0,1,0,0,0,0,16
60.0,39.8,0,0.81,56344.0,30676.0,0,0,1.836745338375277,7,0,0,0,0,0,0,1,7
171.5,-5.4,0,4.0,44135.0,35658.0,1,1,1.2377306635257166,12,0,0,0,0,0,1,0,15
190.0,17.8,0,2.82,34798.0,25831.0,0,0,1.3471410320932213,5,0,0,0,1,0,0,0,1
252.0,16.6,0,2.82,32680.0,23854.0,0,0,1.3700008384338056,10,1,0,0,0,0,0,0,6
226.0,-6.6,0,1.47,67980.0,62172.0,0,0,1.0934182590233545,1,0,0,0,0,0,1,0,0
171.5,40.6,0,5.45,31507.0,25001.0,1,1,1.2602295908163674,7,0,0,1,0,0,0,0,18
187.0,17.5,0,4.69,32872.0,30676.0,1,0,1.0715869083322467,5,0,1,0,0,0,0,0,18
122.0,13.7,0,2.71,32759.0,27254.0,0,0,1.2019886989065824,11,0,0,1,0,0,0,0,12
231.0,11.0,1,3.08,40243.0,58285.0,0,0,0.6904520888736382,9,1,0,0,0,0,0,0,0
171.5,19.6,0,2.31,31888.0,30676.0,1,0,1.0395097144347372,5,1,0,0,0,0,0,0,6
306.0,16.6,0,2.82,85271.0,61353.0,0,0,1.389842387495314,10,0,0,0,1,0,0,0,0
220.0,16.6,0,6.4,13273.0,9077.0,0,1,1.4622672689214498,2,0,0,0,0,1,0,0,13
202.0,24.7,0,4.18,40272.0,32646.0,1,0,1.2335967653004962,5,0,0,0,0,0,1,0,11
126.0,9.5,0,2.79,43547.0,27464.0,0,0,1.5856029711622488,3,1,0,0,0,0,0,0,2
91.0,6.6,0,1.42,62677.0,44270.0,0,1,1.4157894736842105,10,0,0,0,0,0,0,1,14
171.5,34.4,0,3.03,32333.0,22935.0,0,0,1.4097667320688902,7,0,0,0,0,1,0,0,19
99.0,8.3,0,1.62,52185.0,46099.0,0,0,1.132020217358294,3,0,0,0,1,0,0,0,14
171.5,27.1,0,1.49,41874.0,30652.0,0,1,1.3661098786376094,6,0,0,0,1,0,0,0,17
220.0,16.6,0,2.98,13197.0,10645.0,0,0,1.2397369657116017,10,0,0,0,0,0,1,0,13
140.0,10.1,0,2.94,39385.0,29774.0,0,0,1.322798414724256,10,0,0,0,0,0,1,0,11
235.0,39.3,0,2.82,51457.0,41405.0,0,0,1.2427726120033813,7,0,0,0,1,0,0,0,7
239.0,12.1,0,2.22,38380.0,28080.0,0,0,1.3668091168091168,10,0,0,0,0,0,1,0,10
177.0,19.4,0,2.82,43078.0,28544.0,0,1,1.5091788116591929,9,0,0,0,0,0,0,1,17
171.0,35.6,0,2.47,38230.0,28828.0,0,0,1.3261412515609823,7,0,0,0,1,0,0,0,17
90.0,34.7,0,2.56,52882.0,34673.0,1,1,1.5251636720214576,7,0,0,0,1,0,0,0,5
114.0,7.1,0,3.3,40243.0,18912.0,0,0,2.12790820642978,11,0,0,0,1,0,0,0,8
222.0,21.6,0,2.09,45726.0,36614.0,0,0,1.2488665537772436,5,0,0,0,0,0,1,0,15
96.0,15.0,0,1.12,50499.0,37282.0,0,0,1.3545142427981332,11,0,0,0,0,0,1,0,5
151.0,20.6,0,2.82,72361.0,49181.0,0,1,1.4713202252902544,4,0,0,1,0,0,0,0,16
123.0,12.8,0,2.74,37644.0,32897.0,0,1,1.14429887223759,5,0,0,1,0,0,0,0,2
85.0,22.4,0,2.25,24805.0,17798.0,1,0,1.3936959208899877,5,1,0,0,0,0,0,0,8
154.0,33.8,0,2.68,34004.0,30577.0,1,0,1.1120777054648918,8,0,0,0,0,0,0,1,2
171.5,15.1,0,0.67,64831.0,41302.0,1,0,1.569681855600213,11,1,0,0,0,0,0,0,14
161.0,-5.7,0,1.31,55587.0,36055.0,1,0,1.541727915684371,1,1,0,0,0,0,0,0,5
136.0,20.7,0,2.79,44471.0,31968.0,1,1,1.39110985985986,10,0,0,0,0,0,1,0,17
193.0,4.0,0,4.99,37347.0,26529.0,0,0,1.407780165102341,4,0,0,1,0,0,0,0,18
121.0,30.7,1,5.42,61667.0,50339.0,1,1,1.2250342676652297,6,0,0,0,0,0,0,1,16
143.0,27.0,0,2.87,43664.0,26227.0,0,0,1.6648492012048652,8,0,0,0,0,0,0,1,1
96.0,-3.6,0,1.55,73146.0,46974.0,1,1,1.5571592796014817,12,0,1,0,0,0,0,0,16
163.0,28.5,0,2.82,48128.0,32653.0,1,0,1.4739227636051817,7,0,0,0,1,0,0,0,15
223.0,21.2,0,2.29,36996.0,28579.0,0,0,1.294516953007453,5,0,0,0,1,0,0,0,17
171.5,16.6,0,5.46,41956.0,30676.0,0,0,1.3677141739470595,3,0,0,1,0,0,0,0,15
115.0,17.1,0,2.82,13196.0,9417.0,1,0,1.4012955293617926,3,0,0,0,0,0,0,1,13
207.0,17.9,1,6.88,14808.0,10035.0,0,0,1.4756352765321374,9,0,0,0,0,0,1,0,13
149.0,25.5,0,1.63,13606.0,10041.0,0,0,1.3550443182949905,5,1,0,0,0,0,0,0,13
146.0,16.9,0,2.82,44171.0,30676.0,0,0,1.439920458990742,4,0,0,0,0,1,0,0,11
134.0,37.6,0,1.68,68109.0,46128.0,1,0,1.476521852237253,8,0,0,0,0,0,1,0,14
249.0,16.6,0,5.73,35301.0,29825.0,1,0,1.18360435875943,7,1,0,0,0,0,0,0,12
212.0,19.8,0,2.85,35458.0,28184.0,0,1,1.2580896962815782,4,0,1,0,0,0,0,0,17
109.0,10.5,0,2.23,35952.0,30676.0,0,0,1.171991133133394,10,1,0,0,0,0,0,0,11
208.0,12.7,0,4.35,56859.0,41766.0,0,1,1.3613704927452952,5,1,0,0,0,0,0,0,5
249.0,7.4,0,5.17,62691.0,47739.0,0,1,1.3132030415383649,2,0,1,0,0,0,0,0,14
130.0,-6.3,0,1.49,46393.0,32813.0,0,0,1.4138603602230824,2,0,0,0,0,0,0,1,4
95.0,25.0,0,1.69,37204.0,29640.0,0,0,1.255195681511471,6,0,0,0,0,1,0,0,2
203.0,16.7,0,5.61,40243.0,30652.0,1,1,1.3128996476575754,11,0,1,0,0,0,0,0,17
212.0,16.6,0,4.2,40243.0,32954.0,1,0,1.2211871093038782,1,0,0,1,0,0,0,0,11
132.0,19.2,0,1.42,39567.0,37784.0,0,0,1.0471892864704637,9,0,1,0,0,0,0,0,15
193.0,26.5,0,2.82,40243.0,27554.0,0,1,1.4605138999782246,9,0,0,0,0,0,0,1,17
210.0,-2.2,0,2.38,40243.0,38931.0,0,0,1.0337006498677146,12,1,0,0,0,0,0,0,7
146.0,20.7,0,2.82,44329.0,34767.0,0,0,1.2750309201254062,5,0,1,0,0,0,0,0,11
171.5,16.6,0,3.63,30928.0,30676.0,1,0,1.0082148911200939,4,0,0,0,0,1,0,0,18
164.0,10.1,0,2.82,42754.0,31912.0,0,0,1.3397468037102032,3,0,0,0,0,1,0,0,11
134.0,10.4,0,1.71,17160.0,9955.0,0,0,1.723756906077348,4,0,0,0,0,0,0,1,13
193.0,-1.1,0,2.82,38301.0,32219.0,1,0,1.1887706011980508,2,0,1,0,0,0,0,0,4
310.0,-10.1,0,2.86,49309.0,30676.0,0,0,1.6074129612726562,12,0,0,1,0,0,0,0,15
204.0,19.6,0,4.17,35995.0,24361.0,0,0,1.477566602356225,11,0,0,0,0,0,1,0,18
163.0,16.4,0,2.08,33156.0,24120.0,0,0,1.3746268656716418,11,1,0,0,0,0,0,0,6
171.5,0.9,0,2.82,12773.0,30676.0,1,0,0.4163841439561872,1,1,0,0,0,0,0,0,13
255.0,16.6,0,2.77,45716.0,30676.0,0,0,1.490285565262746,12,0,0,0,1,0,0,0,9
171.5,13.8,0,1.57,54253.0,38570.0,0,1,1.4066113559761473,9,0,0,0,0,0,1,0,5
234.0,13.1,0,3.53,43242.0,27878.0,0,0,1.5511155750053807,11,0,1,0,0,0,0,0,1
157.0,16.6,0,2.82,40243.0,31335.0,0,0,1.2842827509175043,2,1,0,0,0,0,0,0,3
138.0,31.4,0,1.91,56922.0,45909.0,0,0,1.2398876037378292,7,0,0,0,0,1,0,0,16
282.0,-3.2,0,3.02,34357.0,26669.0,1,0,1.2882747759571038,12,0,0,0,1,0,0,0,1
159.0,16.6,0,1.19,45826.0,40131.0,0,0,1.1419102439510602,10,0,0,0,0,0,0,1,5
118.0,23.1,0,1.51,67467.0,56722.0,1,0,1.1894326716265293,5,0,0,1,0,0,0,0,0
110.0,33.5,0,3.42,39858.0,24240.0,0,1,1.6443069306930693,7,0,1,0,0,0,0,0,18
101.0,31.9,0,2.4,38880.0,32489.0,0,0,1.196712733540583,7,0,0,0,0,0,0,1,11
205.0,16.7,0,4.83,30174.0,23243.0,1,0,1.2981973067160004,10,0,0,0,0,0,1,0,19
171.5,17.7,1,10.66,36054.0,30676.0,1,0,1.175316208110575,9,1,0,0,0,0,0,0,10
214.0,42.6,0,3.82,32662.0,30676.0,0,0,1.0647411657321684,8,0,0,0,0,0,1,0,1
118.0,12.9,0,2.82,40243.0,30676.0,1,0,1.311872473594993,10,0,1,0,0,0,0,0,3
97.0,16.3,0,2.17,35075.0,27759.0,1,0,1.263554162613927,10,0,1,0,0,0,0,0,2
265.0,19.5,0,2.82,39672.0,25732.0,1,0,1.5417379138815483,3,0,0,0,1,0,0,0,18
171.5,13.3,0,2.19,40243.0,25357.0,0,0,1.5870568284891746,10,0,0,0,0,0,1,0,10
235.0,11.7,0,3.27,45884.0,30424.0,0,1,1.5081514593741783,9,0,0,1,0,0,0,0,11
171.5,33.5,0,1.93,28976.0,21355.0,1,0,1.3568719269491922,6,0,0,0,0,1,0,0,19
143.0,-2.6,0,2.47,26305.0,30676.0,0,0,0.8575107575955144,1,0,1,0,0,0,0,0,8
208.0,15.9,0,5.01,38591.0,30676.0,0,0,1.2580192984743774,9,0,0,1,0,0,0,0,10
279.0,-2.3,1,3.6,34903.0,27440.0,0,0,1.2719752186588922,1,0,0,0,1,0,0,0,2
168.0,23.1,0,3.99,41844.0,35101.0,1,1,1.1921027890943279,10,0,1,0,0,0,0,0,15
143.0,24.0,0,3.98,41653.0,31946.0,0,0,1.3038565078570088,10,0,0,1,0,0,0,0,11
322.0,4.1,0,8.25,40006.0,30752.0,0,0,1.300923517169615,12,0,0,0,1,0,0,0,4
171.5,-9.4,0,1.76,65631.0,48033.0,0,0,1.3663731184810444,1,0,0,0,0,1,0,0,16
185.0,21.3,0,2.82,47944.0,34553.0,0,0,1.3875495615431366,9,0,0,0,0,0,0,1,4
146.0,12.2,0,1.98,39454.0,30437.0,0,0,1.2962512731215297,5,0,0,0,0,1,0,0,10
97.0,22.1,0,1.18,41701.0,27147.0,0,1,1.5361181714369911,4,0,1,0,0,0,0,0,10
152.0,21.3,0,3.58,31256.0,21980.0,0,0,1.4220200181983622,3,0,0,0,0,1,0,0,6
205.0,-6.5,0,4.26,85472.0,30676.0,1,0,2.786282435780415,12,0,0,1,0,0,0,0,0
171.5,26.0,0,4.02,38686.0,29404.0,0,0,1.3156713372330295,9,0,0,0,0,0,0,1,1
171.5,16.6,0,2.03,39348.0,27084.0,0,0,1.452813469206912,4,0,0,0,0,0,0,1,10
240.0,14.8,0,5.45,42038.0,30676.0,0,0,1.3703872734385187,11,0,0,0,0,0,0,1,4
228.0,12.0,0,2.74,45124.0,30676.0,0,0,1.4709870908853828,5,0,0,0,1,0,0,0,15
117.0,34.8,0,1.62,40008.0,28250.0,0,0,1.416212389380531,8,1,0,0,0,0,0,0,12
328.0,16.6,0,2.82,49804.0,34542.0,0,0,1.4418389207341786,10,0,0,1,0,0,0,0,15
154.0,35.3,0,4.46,33859.0,25298.0,1,0,1.3384061981184283,7,1,0,0,0,0,0,0,18
183.0,16.6,0,2.82,12841.0,10244.0,0,0,1.2535142522452167,8,0,0,0,0,0,1,0,13
171.5,14.0,0,1.35,72163.0,62480.0,0,1,1.1549775928297055,10,0,1,0,0,0,0,0,0
150.0,17.6,0,3.42,40243.0,30676.0,1,0,1.311872473594993,3,0,0,1,0,0,0,0,13
126.0,12.3,0,2.35,41148.0,34103.0,1,0,1.2065800662698296,11,0,0,0,0,0,0,1,3
230.0,-1.3,0,2.82,55633.0,43357.0,0,1,1.2831376709643194,2,0,0,0,0,0,0,1,7
192.0,-8.6,0,2.29,25705.0,30676.0,0,0,0.8379514930238623,1,0,0,0,0,1,0,0,8
128.0,35.0,0,2.65,39963.0,26301.0,0,0,1.519447929736512,7,0,0,0,0,1,0,0,10
95.0,-2.9,0,1.76,39490.0,30676.0,1,0,1.2873255965575694,2,0,0,0,0,0,1,0,1
155.0,23.9,0,2.21,61293.0,43250.0,0,0,1.417179190751445,9,0,0,0,0,1,0,0,14
107.0,14.4,0,1.87,27268.0,20731.0,1,0,1.3153248757898799,10,1,0,0,0,0,0,0,6
252.0,21.1,0,3.86,40243.0,36270.0,0,0,1.109539564378274,5,0,1,0,0,0,0,0,15
125.0,4.8,0,1.13,40715.0,32087.0,0,0,1.2688939445881509,10,1,0,0,0,0,0,0,11
171.5,16.6,0,2.82,39727.0,31604.0,0,0,1.2570244272876852,5,0,0,0,0,0,1,0,11
73.0,21.8,0,1.06,45439.0,30952.0,0,1,1.4680472990436806,5,1,0,0,0,0,0,0,4
99.0,26.2,0,1.78,40243.0,34607.0,1,0,1.1628572254168232,7,0,0,0,0,0,0,1,15
118.0,15.4,0,1.73,40199.0,28350.0,0,0,1.4179541446208113,11,0,0,0,1,0,0,0,9
171.5,14.4,0,2.47,43432.0,28810.0,0,0,1.5075321069073238,11,0,0,0,0,1,0,0,1
179.0,7.4,0,3.86,33341.0,29437.0,0,0,1.1326222101436967,9,0,0,0,0,0,0,1,1
213.0,0.9,0,2.83,80706.0,30676.0,0,0,2.630916677532925,12,0,0,0,0,0,1,0,0
156.0,31.1,0,3.84,45019.0,31995.0,1,0,1.4070636036880764,8,0,0,0,0,0,0,1,11
187.0,3.9,0,2.35,40347.0,34129.0,0,1,1.1821910984792992,1,0,0,0,0,0,1,0,3
118.0,35.4,0,3.67,25590.0,21009.0,0,0,1.21804940739683,8,0,0,1,0,0,0,0,6
180.0,42.2,0,1.99,40243.0,22356.0,0,1,1.8000984075863302,6,0,0,0,0,1,0,0,19
171.5,34.5,0,8.6,46052.0,30676.0,0,1,1.5012387534228713,6,0,0,0,1,0,0,0,11
140.0,16.6,0,2.82,40243.0,31432.0,1,0,1.2803194196996692,6,0,0,0,0,1,0,0,2
179.0,37.7,0,3.3,52355.0,30676.0,0,0,1.7067088277480766,6,0,0,0,0,0,0,1,14
187.0,16.6,0,4.13,53561.0,43721.0,0,1,1.2250634706433978,3,0,0,0,0,0,1,0,7
92.0,22.4,0,1.54,16921.0,9120.0,0,0,1.855372807017544,4,0,0,0,0,1,0,0,13
255.0,11.8,0,5.77,37565.0,29930.0,0,1,1.2550952221850986,10,0,0,0,0,1,0,0,1
267.0,22.2,1,7.75,40243.0,30676.0,0,0,1.311872473594993,5,0,0,0,0,0,0,1,3
162.0,24.9,0,2.33,43284.0,27684.0,0,0,1.5635023840485478,10,0,0,0,0,0,0,1,10
334.0,0.9,0,2.82,60516.0,40809.0,0,0,1.4829081820186722,2,0,0,1,0,0,0,0,14
150.0,10.9,0,2.79,38008.0,31396.0,0,0,1.210600076442859,10,0,0,0,0,0,1,0,2
165.0,9.7,0,2.41,45808.0,38227.0,1,0,1.1983153268632118,5,0,1,0,0,0,0,0,15
199.0,3.8,0,4.42,40243.0,19165.0,1,1,2.09981737542395,2,0,0,0,0,1,0,0,8
171.5,15.2,0,5.56,27805.0,20920.0,0,0,1.3291108986615678,11,0,0,1,0,0,0,0,6
119.0,7.3,0,1.98,34121.0,23426.0,0,1,1.4565440109280288,11,0,0,0,0,1,0,0,19
127.0,6.0,0,2.82,27212.0,20030.0,0,0,1.3585621567648527,10,1,0,0,0,0,0,0,6
218.0,16.2,0,3.16,47455.0,30347.0,0,0,1.5637460045474016,4,0,0,0,0,1,0,0,11
302.0,16.6,0,4.22,42086.0,30676.0,0,0,1.371952014604251,10,0,0,0,1,0,0,0,3
85.0,17.1,0,1.01,73093.0,55489.0,0,1,1.3172520679774369,5,0,0,0,0,1,0,0,0
231.0,16.6,0,4.93,40243.0,28386.0,1,0,1.4177059113647572,6,1,0,0,0,0,0,0,12
153.0,4.5,0,3.46,45306.0,38422.0,0,0,1.1791681848940712,1,0,0,0,0,0,1,0,5
303.0,-8.6,0,7.28,40243.0,22157.0,0,0,1.8162657399467437,2,0,0,0,1,0,0,0,19
171.5,15.1,0,2.57,41791.0,36304.0,1,0,1.1511403702071397,10,0,0,0,1,0,0,0,4
146.0,13.7,0,3.05,68968.0,47524.0,1,0,1.4512246443902028,4,1,0,0,0,0,0,0,14
177.0,9.8,0,4.14,47993.0,33400.0,1,0,1.4369161676646707,10,0,0,0,0,0,1,0,15
282.0,13.6,0,7.51,43917.0,28920.0,0,0,1.5185684647302904,9,0,0,1,0,0,0,0,17
125.0,2.3,0,1.2,40243.0,19593.0,0,1,2.053947838513755,2,0,0,0,0,0,1,0,8
250.0,19.4,0,2.82,35665.0,26519.0,0,0,1.3448847995776614,5,0,0,0,0,0,0,1,18
109.0,22.5,0,1.89,40243.0,33762.0,0,0,1.1919613766956934,4,0,1,0,0,0,0,0,4
177.0,15.4,0,2.82,40243.0,32134.0,0,1,1.252349536316674,4,0,0,0,0,0,0,1,4
174.0,26.9,0,2.36,28231.0,17084.0,0,0,1.6524818543666588,6,0,0,0,0,1,0,0,8
134.0,16.6,0,3.42,38523.0,30585.0,0,1,1.2595389897008338,7,0,0,0,0,1,0,0,12
171.5,-12.3,0,2.46,51048.0,31981.0,0,0,1.5961977424095557,1,0,0,1,0,0,0,0,15
216.0,14.5,0,4.82,34582.0,30622.0,0,0,1.129318790412122,5,0,0,1,0,0,0,0,17
172.0,29.3,0,3.25,52959.0,30676.0,0,1,1.7263984874168732,4,0,0,0,0,0,0,1,7
190.0,23.2,0,4.07,33697.0,23524.0,1,1,1.4324519639517088,4,0,0,1,0,0,0,0,6
257.0,-3.2,0,3.39,61111.0,42489.0,0,0,1.438278142578079,12,0,0,0,0,1,0,0,7
109.0,14.3,0,2.42,40243.0,25870.0,1,1,1.555585620409741,4,0,0,1,0,0,0,0,1
211.0,15.6,0,3.8,42028.0,33417.0,0,0,1.2576832151300237,4,0,0,0,0,0,0,1,3
171.5,22.2,0,3.69,75222.0,61605.0,0,0,1.2210372534696858,5,0,0,0,0,1,0,0,0
102.0,21.5,0,1.82,31889.0,29360.0,0,0,1.0861376021798366,11,1,0,0,0,0,0,0,12
123.0,16.9,0,3.15,40243.0,30676.0,0,1,1.311872473594993,4,0,0,1,0,0,0,0,19
121.0,2.0,0,1.42,56085.0,43902.0,0,0,1.2775044417110837,2,0,0,0,1,0,0,0,14
215.0,-3.8,0,3.01,40243.0,37063.0,0,0,1.085799854302134,12,0,0,1,0,0,0,0,15
238.0,0.0,0,2.82,35396.0,30676.0,0,0,1.1538662146303298,1,1,0,0,0,0,0,0,9
239.0,35.0,0,6.28,48117.0,42238.0,1,1,1.1391874615275344,7,0,0,0,1,0,0,0,7
144.0,45.0,0,3.91,40243.0,30676.0,0,1,1.311872473594993,6,1,0,0,0,0,0,0,9
96.0,-5.2,0,1.73,35225.0,27386.0,1,0,1.2862411451106406,12,0,0,0,0,0,0,1,18
125.0,11.0,0,2.82,41664.0,33563.0,0,0,1.2413669814974824,11,1,0,0,0,0,0,0,11
168.0,16.0,0,2.6,39176.0,27088.0,0,0,1.4462492616656821,10,0,0,1,0,0,0,0,10
223.0,16.6,0,4.2,35579.0,32128.0,1,0,1.107414093625498,11,0,0,0,0,0,0,1,2
296.0,33.5,1,8.4,12750.0,10436.0,0,0,1.221732464545803,6,0,0,0,0,0,0,1,13
171.5,21.4,0,2.27,66533.0,44825.0,0,0,1.4842833240379252,7,1,0,0,0,0,0,0,14
171.5,16.6,0,2.17,41441.0,30324.0,0,0,1.3666073077430418,6,0,0,0,1,0,0,0,10
208.0,5.4,0,2.82,32482.0,26493.0,0,1,1.226059713886687,1,0,0,1,0,0,0,0,1
99.0,16.6,0,1.2,40243.0,29713.0,0,0,1.3543903341971528,3,0,0,1,0,0,0,0,2
254.0,-4.7,0,3.39,40243.0,32114.0,1,1,1.2531294762408918,1,0,0,1,0,0,0,0,3
151.0,16.0,0,2.24,64007.0,57158.0,1,0,1.119825746177263,9,0,0,0,0,0,1,0,0
171.5,42.9,0,1.9,36877.0,28169.0,0,1,1.3091341545670774,8,0,0,0,0,0,1,0,9
95.0,11.1,0,1.12,64130.0,59369.0,0,0,1.080193366908656,9,0,0,0,0,1,0,0,0
196.0,11.6,0,1.79,39370.0,29726.0,1,0,1.324429792101191,10,0,0,0,0,0,0,1,3
242.0,9.7,0,3.53,54005.0,30676.0,1,0,1.76049680532012,10,0,0,0,0,0,1,0,14
256.0,-2.9,1,3.04,60232.0,46836.0,0,0,1.2860193013920915,1,0,1,0,0,0,0,0,14
174.0,20.5,0,2.72,31694.0,30676.0,0,1,1.0331855522232365,5,0,0,0,1,0,0,0,6
356.0,25.2,1,10.76,14326.0,10825.0,0,0,1.323418013856813,9,1,0,0,0,0,0,0,13
270.0,-6.9,0,6.66,34249.0,31565.0,0,0,1.0850308886424838,2,0,0,1,0,0,0,0,9
103.0,-3.1,0,1.0,56952.0,38750.0,0,0,1.4697290322580645,12,0,0,0,0,1,0,0,7
148.0,-7.2,0,1.66,40152.0,36054.0,1,1,1.1136628390747212,12,0,1,0,0,0,0,0,4
87.0,15.3,0,1.22,22018.0,19574.0,0,0,1.124859507509962,3,0,0,0,0,0,0,1,8
147.0,13.7,0,1.93,36238.0,28616.0,0,1,1.2663544870002796,10,0,0,0,0,0,0,1,9
189.0,18.7,0,2.7,38682.0,30676.0,0,0,1.2609857869344112,5,1,0,0,0,0,0,0,9
134.0,22.8,0,3.31,22018.0,18127.0,0,0,1.2146521763115794,10,0,1,0,0,0,0,0,8
187.0,-3.6,0,2.09,34646.0,30676.0,0,0,1.1294171339157648,2,0,0,0,0,0,1,0,9
240.0,-0.5,0,5.08,69604.0,54253.0,0,1,1.2829520948150333,2,0,0,0,0,0,1,0,0
197.0,38.4,0,2.83,40243.0,54627.0,0,0,0.7366869862888316,6,0,1,0,0,0,0,0,0
191.0,37.1,0,2.74,37258.0,32532.0,0,0,1.1452723472273454,8,0,0,0,1,0,0,0,3
196.0,37.3,0,3.87,36747.0,27330.0,1,0,1.3445664105378705,6,0,0,1,0,0,0,0,18
171.5,16.6,0,2.43,29569.0,20387.0,0,0,1.45038504929612,8,0,0,0,0,1,0,0,6
145.0,16.6,0,1.43,31650.0,26486.0,0,0,1.1949709280374536,1,0,0,0,0,0,0,1,18
232.0,42.0,1,11.03,40243.0,30676.0,0,0,1.311872473594993,6,0,0,0,1,0,0,0,5
190.0,24.7,0,5.45,44997.0,28967.0,1,0,1.553388338454103,10,0,0,0,1,0,0,0,17
162.0,39.8,0,2.46,37588.0,30676.0,0,0,1.2253227278654322,7,0,1,0,0,0,0,0,11
153.0,16.6,0,2.82,38810.0,29772.0,1,0,1.3035738277576245,11,0,0,0,1,0,0,0,2
171.5,17.6,0,5.05,23388.0,19054.0,0,1,1.227458801301564,11,1,0,0,0,0,0,0,8
236.0,-1.4,0,3.31,78991.0,30676.0,0,0,2.575009779632286,2,0,1,0,0,0,0,0,0
171.5,4.2,1,6.66,43798.0,31731.0,0,0,1.380290567583751,1,0,1,0,0,0,0,0,15
171.5,17.0,0,2.33,40243.0,30256.0,0,0,1.3300832892649392,5,1,0,0,0,0,0,0,10
189.0,-4.0,0,1.35,44918.0,31612.0,0,1,1.420916107807162,2,0,0,0,0,0,1,0,11
116.0,24.5,0,2.82,65023.0,45987.0,1,1,1.413943070867854,5,0,1,0,0,0,0,0,14
86.0,37.9,0,1.78,36152.0,29150.0,0,0,1.240205831903945,7,1,0,0,0,0,0,0,10
143.0,11.9,0,2.95,36422.0,28567.0,0,1,1.274967619981097,10,0,0,0,0,1,0,0,1
95.0,-12.5,0,1.89,47348.0,46065.0,1,1,1.027851948333876,1,0,0,1,0,0,0,0,7
189.0,16.6,0,2.02,62590.0,44691.0,0,0,1.4005056946588799,10,0,1,0,0,0,0,0,7
169.0,11.7,0,4.54,40240.0,31708.0,0,1,1.2690803582692065,11,0,0,0,0,0,1,0,15
147.0,18.2,0,2.82,14019.0,30676.0,0,0,0.4570022167166515,4,0,1,0,0,0,0,0,13
171.5,16.6,0,2.82,45561.0,32461.0,1,0,1.4035611965127384,11,1,0,0,0,0,0,0,2
218.0,30.0,0,5.45,51878.0,41696.0,0,1,1.2441960859554873,7,1,0,0,0,0,0,0,5
258.0,34.9,0,2.82,51672.0,35389.0,0,0,1.4601147249145214,6,0,0,0,1,0,0,0,15
111.0,22.9,0,2.82,40243.0,35247.0,0,0,1.1417425596504667,5,0,0,0,0,0,0,1,4
157.0,16.6,0,3.27,14512.0,10243.0,0,1,1.4167724299521625,1,0,0,0,1,0,0,0,13
219.0,12.4,0,2.13,39512.0,30676.0,1,0,1.2880427695918633,5,1,0,0,0,0,0,0,12
154.0,16.6,0,2.82,43342.0,37932.0,0,1,1.1426236423072866,7,0,1,0,0,0,0,0,5
171.5,-1.9,0,1.39,29268.0,21700.0,0,0,1.3487557603686635,1,1,0,0,0,0,0,0,6
95.0,13.5,0,1.63,41789.0,30662.0,0,1,1.3628921792446678,5,0,0,0,0,0,0,1,10
233.0,11.1,0,6.47,49200.0,34924.0,0,1,1.4087733363875845,10,0,0,1,0,0,0,0,4
192.0,31.5,0,5.44,50273.0,34485.0,1,1,1.457822241554299,8,0,0,0,1,0,0,0,5
125.0,16.6,0,1.7,38632.0,29379.0,1,0,1.3149528574832363,2,0,0,0,0,0,1,0,3
233.0,30.5,0,3.7,28197.0,18543.0,0,0,1.520627730140754,6,0,1,0,0,0,0,0,8
326.0,29.4,0,4.71,36766.0,29818.0,0,0,1.2330136159366825,8,0,0,0,1,0,0,0,17
165.0,16.6,0,3.37,69437.0,63091.0,0,0,1.1005848694742515,11,0,0,0,0,0,1,0,0
113.0,9.6,0,2.69,39920.0,30676.0,1,0,1.3013430695005868,4,0,0,0,0,0,1,0,18
147.0,35.3,0,3.27,64768.0,53130.0,0,0,1.2190476190476192,8,0,1,0,0,0,0,0,16
227.0,16.6,0,3.15,45771.0,32559.0,0,0,1.4057864185017968,2,1,0,0,0,0,0,0,17
145.0,16.6,0,3.42,40243.0,32528.0,1,0,1.2371802754549925,3,0,0,0,1,0,0,0,2
168.0,29.1,0,3.48,40243.0,30676.0,1,1,1.311872473594993,8,1,0,0,0,0,0,0,18
102.0,35.7,0,1.82,40243.0,30676.0,0,0,1.311872473594993,6,0,1,0,0,0,0,0,7
173.0,16.6,0,2.82,27729.0,21366.0,0,0,1.2978096040438079,10,0,0,0,0,1,0,0,6
171.0,41.9,0,4.74,53625.0,49093.0,0,1,1.0923145866009412,8,1,0,0,0,0,0,0,14
154.0,16.6,0,2.98,60963.0,45074.0,0,1,1.352509207081688,10,0,0,0,1,0,0,0,7
141.0,12.2,0,3.92,38995.0,26175.0,1,0,1.489780324737345,4,0,0,1,0,0,0,0,1
129.0,-2.3,0,2.52,14947.0,10305.0,1,0,1.4504609412906355,12,0,0,1,0,0,0,0,13
280.0,-0.4,0,2.82,80445.0,52565.0,0,0,1.5303909445448491,1,0,0,0,1,0,0,0,0
220.0,15.9,0,4.46,73288.0,30676.0,0,1,2.3890989698787326,5,0,0,0,0,0,1,0,16
160.0,30.9,0,3.99,36429.0,30676.0,0,0,1.1875407484678575,7,0,0,0,0,0,0,1,9
171.5,3.0,0,4.46,46038.0,32583.0,0,0,1.412945400975969,11,0,0,0,1,0,0,0,15
183.0,23.3,0,3.4,53294.0,47701.0,0,1,1.117251210666443,4,0,0,0,0,1,0,0,14
305.0,-4.0,0,5.36,56384.0,46139.0,0,0,1.2220464249333536,2,0,0,1,0,0,0,0,14
170.0,19.5,0,3.53,34783.0,29662.0,0,1,1.172645135189805,10,0,0,1,0,0,0,0,17
161.0,39.0,0,4.96,29842.0,22029.0,1,0,1.3546688456126015,7,0,0,0,0,0,1,0,6
247.0,13.2,0,2.86,43283.0,31487.0,0,0,1.3746308000127037,10,1,0,0,0,0,0,0,17
194.0,-4.6,0,2.71,35592.0,30676.0,0,0,1.1602555743904028,12,0,0,0,0,1,0,0,17
191.0,42.5,0,6.22,37902.0,27235.0,0,1,1.3916651367725354,8,0,0,0,0,1,0,0,2
339.0,4.7,1,2.82,40243.0,39410.0,0,1,1.0211367673179397,3,0,1,0,0,0,0,0,7
103.0,28.5,0,1.5,42982.0,35629.0,0,1,1.2063768278649414,4,0,0,0,0,1,0,0,15
108.0,4.0,0,2.18,35649.0,25432.0,0,0,1.4017379679144386,12,0,0,0,1,0,0,0,10
171.5,-0.2,0,2.1,77212.0,59244.0,0,0,1.3032880966848963,2,0,0,0,0,0,0,1,0
239.0,-0.1,0,2.82,40243.0,40839.0,0,0,0.9854061069076128,1,1,0,0,0,0,0,0,5
156.0,33.0,0,2.82,36146.0,30238.0,0,0,1.1953832925458032,8,0,0,0,0,1,0,0,1
230.0,-3.9,0,4.22,36462.0,30676.0,1,1,1.1886165080192985,12,1,0,0,0,0,0,0,9
171.5,23.4,0,1.39,40243.0,28520.0,0,0,1.4110448807854137,5,0,0,0,0,1,0,0,10
90.0,13.9,0,0.93,31032.0,27732.0,1,1,1.1189961055819992,10,1,0,0,0,0,0,0,12
173.0,-4.1,0,3.29,59969.0,40968.0,0,0,1.4638010154266745,12,1,0,0,0,0,0,0,7
171.5,16.6,0,2.82,43078.0,32135.0,0,0,1.340532130076241,4,0,0,1,0,0,0,0,11
152.0,1.7,0,3.39,40100.0,30676.0,0,1,1.3072108488720824,2,0,0,0,0,1,0,0,2
200.0,-1.9,0,3.04,42027.0,32610.0,0,0,1.2887764489420424,12,0,0,0,0,0,0,1,11
140.0,30.1,0,1.24,60899.0,38617.0,0,1,1.5769997669420204,7,0,0,0,0,0,0,1,7
228.0,4.0,0,4.71,51978.0,42016.0,0,0,1.2371001523229246,4,0,1,0,0,0,0,0,14
110.0,23.8,0,2.82,30337.0,30676.0,0,1,0.9889490155170165,3,0,0,0,0,0,0,1,18
193.0,33.1,0,5.3,39416.0,30676.0,0,0,1.284913287260399,8,0,0,0,0,0,0,1,12
91.0,16.6,0,1.62,60257.0,49462.0,0,0,1.21824835227043,9,0,0,1,0,0,0,0,16
140.0,-0.2,0,2.2,33564.0,21624.0,1,0,1.5521642619311875,2,0,0,0,0,0,0,1,6
100.0,31.3,0,1.46,36991.0,28349.0,1,0,1.3048432043458322,10,1,0,0,0,0,0,0,9
95.0,22.5,0,1.85,48478.0,34431.0,0,0,1.407975371031919,5,0,1,0,0,0,0,0,4
85.0,6.3,0,1.01,35746.0,30848.0,0,0,1.1587785269709543,9,0,0,0,0,0,0,1,11
168.0,16.6,0,2.82,59599.0,43988.0,0,0,1.3548922433390924,5,0,0,0,0,1,0,0,7
223.0,-8.9,0,3.37,40324.0,30369.0,0,0,1.3278013764035694,2,0,0,0,1,0,0,0,2
124.0,-1.5,0,1.38,34129.0,30676.0,0,0,1.112563567609858,2,0,0,0,0,1,0,0,17
171.0,-0.6,0,3.29,35516.0,32842.0,1,0,1.0814201327568358,1,0,0,0,0,1,0,0,2
171.5,27.5,0,5.02,46803.0,31495.0,0,0,1.486045404032386,5,0,1,0,0,0,0,0,11
405.0,-4.8,1,9.89,34299.0,29694.0,1,0,1.1550818347140837,1,0,0,0,1,0,0,0,9
171.5,24.1,0,2.15,38076.0,23163.0,1,1,1.6438285196218105,11,0,0,0,0,1,0,0,18
143.0,16.6,0,3.65,47791.0,37032.0,0,0,1.2905325124216893,6,0,0,0,0,1,0,0,15
168.0,16.0,1,2.61,40243.0,30634.0,0,0,1.3136710844160084,3,0,0,0,0,1,0,0,10
171.5,12.7,0,4.59,40243.0,27095.0,0,1,1.48525558221074,4,0,0,0,1,0,0,0,18
213.0,3.0,0,3.55,38682.0,30909.0,0,0,1.25148015141221,11,1,0,0,0,0,0,0,4
221.0,16.6,0,2.82,52156.0,45834.0,1,0,1.1379325391630668,7,0,1,0,0,0,0,0,14
182.0,17.7,0,3.76,41450.0,29730.0,0,0,1.3942145980491087,10,0,0,1,0,0,0,0,10
183.0,0.2,0,5.15,40966.0,28535.0,1,1,1.4356404415629929,11,1,0,0,0,0,0,0,1
171.5,-3.2,0,4.39,40331.0,28553.0,1,0,1.4124960599586733,1,0,0,1,0,0,0,0,2
108.0,18.1,0,1.89,16046.0,10866.0,0,1,1.4767163629670532,5,1,0,0,0,0,0,0,13
171.5,-4.6,0,0.74,38144.0,26491.0,1,0,1.4398852440451475,2,0,0,0,0,0,1,0,10
167.0,30.1,0,4.26,33810.0,21636.0,0,0,1.5626733222407099,7,0,0,0,0,0,0,1,19
145.0,4.9,0,3.52,40243.0,28291.0,1,0,1.422466508783712,3,0,0,0,0,1,0,0,9
172.0,25.1,0,2.82,68750.0,47333.0,0,0,1.4524750174297003,10,0,0,0,0,0,0,1,16
372.0,9.2,1,7.91,77873.0,56557.0,1,1,1.3768941068302774,9,1,0,0,0,0,0,0,0
173.0,33.2,0,4.12,56895.0,45420.0,0,1,1.2526420079260239,6,0,0,1,0,0,0,0,14
171.5,24.7,0,1.48,41531.0,28931.0,0,0,1.435518993467215,7,0,0,0,0,0,0,1,9
189.0,38.0,0,2.82,34530.0,30648.0,0,0,1.1266640563821457,8,0,0,0,1,0,0,0,10
158.0,23.0,0,3.18,40243.0,30676.0,0,0,1.311872473594993,8,0,0,0,1,0,0,0,17
171.5,45.0,0,8.0,40243.0,28476.0,0,0,1.4132251720747295,6,0,0,0,1,0,0,0,12
108.0,16.6,0,1.78,36830.0,34953.0,0,0,1.0537006837753555,6,0,0,0,0,0,0,1,11
147.0,13.6,0,3.31,41429.0,30676.0,0,1,1.350534619898292,11,1,0,0,0,0,0,0,17
130.0,26.4,0,3.11,27573.0,22814.0,0,1,1.2085999824669063,11,0,0,0,0,0,0,1,6
135.0,12.9,0,1.34,48266.0,30676.0,0,1,1.5734124396922675,9,0,0,0,0,1,0,0,4
171.5,12.5,0,3.44,51782.0,48635.0,0,1,1.0647064870977692,5,0,1,0,0,0,0,0,14
224.0,-0.2,0,3.83,48154.0,31906.0,1,1,1.5092459098602145,1,0,0,0,0,1,0,0,3
138.0,16.6,0,1.07,37136.0,30676.0,0,0,1.210588081888121,3,0,0,0,0,1,0,0,18
110.0,38.3,0,2.82,53877.0,38077.0,0,0,1.4149486566693805,7,0,1,0,0,0,0,0,7
74.0,28.9,0,2.82,35254.0,30818.0,1,1,1.1439418521643197,5,0,0,0,0,0,1,0,9
171.0,8.0,0,2.73,56525.0,42256.0,0,0,1.337679856115108,9,0,1,0,0,0,0,0,14
166.0,14.6,0,2.36,65188.0,54088.0,1,0,1.2052211211359267,10,0,0,0,0,1,0,0,16
171.5,16.6,0,2.55,25906.0,19543.0,0,0,1.325589725221307,5,0,0,0,0,0,1,0,8
146.0,16.6,0,3.04,40243.0,19746.0,0,0,2.0380330193456904,7,0,0,0,0,0,1,0,8
171.5,16.4,0,1.16,42965.0,38411.0,0,0,1.118559787560855,9,0,0,0,0,0,0,1,5
124.0,40.0,0,2.82,47354.0,33828.0,0,0,1.3998462811871821,6,0,0,0,0,0,1,0,3
186.0,29.0,0,3.13,44147.0,30676.0,0,1,1.439138088407876,3,1,0,0,0,0,0,0,2
194.0,23.8,0,1.64,37616.0,24143.0,0,0,1.5580499523671458,5,0,1,0,0,0,0,0,18
171.5,34.1,0,3.06,27261.0,23164.0,0,0,1.1768692799171128,7,0,1,0,0,0,0,0,19
197.0,34.2,0,2.82,28932.0,24121.0,0,0,1.1994527590066746,7,0,0,0,1,0,0,0,19
100.0,33.9,0,2.38,42743.0,30168.0,1,0,1.4168324051975603,8,0,0,0,0,0,1,0,17
185.0,3.8,0,3.08,16816.0,9221.0,0,0,1.82366337707407,12,0,0,1,0,0,0,0,13
171.5,17.0,0,1.37,54509.0,30676.0,0,0,1.7769265875603077,4,0,0,0,0,0,1,0,14
186.0,16.3,1,2.82,67341.0,56093.0,0,1,1.2005241295705347,5,0,0,0,1,0,0,0,0
171.5,12.6,0,1.76,45788.0,30676.0,1,0,1.4926326770113443,10,0,1,0,0,0,0,0,2
107.0,16.6,0,1.55,55542.0,48127.0,0,0,1.1540715191056996,11,1,0,0,0,0,0,0,16
257.0,1.9,1,2.82,36587.0,27502.0,0,1,1.3303396116646062,12,0,0,0,0,0,1,0,2
131.0,31.9,0,2.47,41081.0,34153.0,0,0,1.2028518724562995,7,0,0,1,0,0,0,0,15
115.0,19.5,0,2.49,14740.0,10663.0,0,0,1.3823501828753635,3,0,0,1,0,0,0,0,13
190.0,10.5,0,4.26,40243.0,25490.0,1,0,1.5787759905845429,3,0,0,0,0,1,0,0,12
195.0,39.4,0,3.21,39160.0,30547.0,0,0,1.2819589485055816,6,0,0,0,0,0,0,1,11
140.0,20.9,0,2.23,36691.0,30676.0,1,1,1.1960816273308124,3,1,0,0,0,0,0,0,11
168.0,23.5,0,2.59,57980.0,47636.0,0,0,1.2171466957763037,3,1,0,0,0,0,0,0,16
225.0,19.9,0,2.1,13027.0,9900.0,0,0,1.3158585858585858,5,0,0,0,0,0,0,1,13
171.5,24.0,0,2.72,40902.0,32911.0,0,0,1.242806356537328,5,0,0,0,0,0,0,1,9
171.5,27.1,0,7.64,40243.0,10768.0,0,1,3.737277117384844,3,0,0,1,0,0,0,0,13
131.0,29.9,0,3.52,38035.0,29996.0,0,1,1.2680024003200427,6,0,0,0,0,1,0,0,10
324.0,10.3,0,2.82,48958.0,30676.0,0,1,1.5959707914982397,3,0,0,1,0,0,0,0,15
163.0,12.1,0,2.11,16672.0,9836.0,0,0,1.694997966653111,10,0,0,0,0,0,0,1,13
335.0,0.3,1,10.19,40243.0,48739.0,0,1,0.8256837440242927,1,0,0,0,1,0,0,0,14
144.0,-12.5,1,2.92,36002.0,28087.0,0,0,1.2818029693452486,12,0,1,0,0,0,0,0,2
277.0,27.7,0,4.46,81308.0,57725.0,0,0,1.4085404937202253,6,0,0,1,0,0,0,0,0
89.0,11.6,0,1.58,40243.0,45569.0,1,0,0.8831222980535013,5,0,0,0,0,1,0,0,16
192.0,25.9,0,2.82,36900.0,30676.0,0,1,1.2028947711566045,3,0,0,0,0,0,1,0,18
185.0,21.7,0,3.36,41912.0,30676.0,1,0,1.3662798278784718,4,1,0,0,0,0,0,0,11
129.0,27.8,0,2.89,55846.0,34269.0,0,0,1.6296361142723745,7,0,0,1,0,0,0,0,5
256.0,29.5,0,3.19,40243.0,31946.0,0,0,1.2597195267013084,8,0,0,0,1,0,0,0,17
81.0,41.9,0,1.93,40243.0,40934.0,0,0,0.9831191674402697,6,0,0,0,0,0,1,0,5
181.0,26.1,0,4.3,34543.0,29099.0,0,1,1.187085466854531,3,1,0,0,0,0,0,0,17
158.0,34.2,0,3.43,37187.0,30070.0,1,1,1.2366810774858663,7,1,0,0,0,0,0,0,1
185.0,26.1,0,4.69,32256.0,27150.0,1,0,1.1880662983425414,10,0,0,0,0,0,1,0,18
249.0,17.5,0,4.96,39645.0,32448.0,0,1,1.2218010355029585,11,0,0,0,0,0,1,0,3
171.5,9.6,0,4.82,33583.0,30676.0,1,1,1.0947646368496544,3,0,1,0,0,0,0,0,10
155.0,28.7,0,2.68,40214.0,30198.0,0,0,1.3316775945426849,8,0,0,0,0,0,0,1,10
197.0,0.6,0,4.95,29966.0,22195.0,1,0,1.35012390177968,2,0,1,0,0,0,0,0,6
234.0,1.1,0,4.92,31468.0,23124.0,1,1,1.3608372253935306,1,0,0,0,0,0,1,0,18
171.5,20.8,0,2.82,50054.0,40789.0,0,0,1.227144573291819,4,0,0,0,0,1,0,0,5
167.0,14.3,0,3.41,38855.0,29672.0,1,0,1.3094836883256942,9,0,0,0,0,0,1,0,17
223.0,6.8,0,3.95,26350.0,19578.0,0,0,1.3458984574522423,10,1,0,0,0,0,0,0,8
189.0,2.5,0,2.54,40243.0,56072.0,0,0,0.7177022399771722,1,0,0,0,1,0,0,0,0
171.5,15.5,0,2.76,48543.0,37637.0,0,0,1.2897680474001647,9,0,1,0,0,0,0,0,15
188.0,12.4,0,3.99,48440.0,35011.0,0,0,1.3835651652337837,3,0,0,1,0,0,0,0,4
171.5,16.6,0,1.05,49744.0,37917.0,1,0,1.3119181369834112,8,0,1,0,0,0,0,0,7
125.0,-3.1,0,1.95,39924.0,30425.0,1,1,1.3122103533278553,2,0,0,1,0,0,0,0,12
217.0,16.8,0,2.82,66693.0,44057.0,1,0,1.513788955217105,5,0,0,0,0,0,0,1,14
175.0,37.9,0,2.82,68728.0,51030.0,0,0,1.3468155986674506,6,0,0,0,0,0,0,1,16
248.0,16.6,0,4.83,28568.0,22191.0,0,0,1.2873687530981028,12,1,0,0,0,0,0,0,19
231.0,16.6,0,2.52,26048.0,19936.0,1,0,1.3065810593900482,9,0,0,1,0,0,0,0,6
227.0,-1.7,0,2.25,31891.0,23924.0,1,0,1.3330128741013207,2,0,0,0,0,0,1,0,6
127.0,7.1,0,2.63,52199.0,49284.0,1,1,1.0591469848226605,11,0,1,0,0,0,0,0,14
71.0,40.3,0,1.15,40243.0,32065.0,0,0,1.255044440979261,7,1,0,0,0,0,0,0,11
197.0,-4.4,0,3.7,39094.0,32031.0,0,0,1.2205051356498393,2,0,0,1,0,0,0,0,4
238.0,32.2,0,2.82,40243.0,19368.0,0,1,2.0778087567121024,8,1,0,0,0,0,0,0,8
89.0,12.0,0,1.14,51238.0,30676.0,0,1,1.6702959968705178,4,1,0,0,0,0,0,0,14
134.0,14.9,0,2.65,34048.0,30676.0,0,1,1.109923066892685,9,0,0,0,0,1,0,0,12
209.0,-6.1,0,2.82,48042.0,30676.0,0,0,1.5661103142521842,12,0,0,0,1,0,0,0,4
109.0,-15.0,0,1.75,34406.0,28868.0,0,0,1.1918387141471525,1,0,0,0,0,0,0,1,2
245.0,16.9,0,5.08,44425.0,34238.0,1,1,1.2975349027396461,3,0,0,0,0,1,0,0,15
124.0,28.9,0,2.82,37835.0,29286.0,0,0,1.291914225227071,9,0,1,0,0,0,0,0,2
310.0,17.5,0,6.97,40243.0,30676.0,1,0,1.311872473594993,4,0,0,0,1,0,0,0,14
249.0,33.8,0,6.98,43786.0,30676.0,0,0,1.4273699308905985,8,0,0,0,0,0,0,1,3
119.0,14.0,0,2.47,38128.0,30676.0,0,1,1.242926065979919,9,0,0,0,0,0,0,1,18
171.5,16.6,0,4.88,40247.0,37295.0,0,0,1.0791527014345086,8,0,0,0,0,0,0,1,4
178.0,35.7,0,4.21,40243.0,30283.0,1,0,1.3288974011821815,8,1,0,0,0,0,0,0,3
83.0,16.6,0,1.73,69654.0,55004.0,1,0,1.266344265871573,7,0,1,0,0,0,0,0,0
91.0,36.9,0,2.09,40333.0,32998.0,0,0,1.2222861991635856,8,0,0,0,0,0,0,1,2
171.5,10.5,0,8.96,23838.0,18985.0,1,0,1.2556228601527522,4,0,0,1,0,0,0,0,8
86.0,19.3,0,1.99,35886.0,29721.0,1,0,1.207429090542041,4,0,0,0,0,0,0,1,10
171.5,-3.1,0,5.52,30015.0,22992.0,1,0,1.3054540709812108,1,0,0,0,1,0,0,0,19
148.0,34.8,0,4.8,43604.0,38178.0,0,1,1.1421237361831422,8,0,0,0,1,0,0,0,15
179.0,26.2,0,3.48,39484.0,28741.0,0,0,1.3737865766674786,11,0,0,1,0,0,0,0,2
107.0,28.2,0,2.43,38869.0,30997.0,1,0,1.2539600606510308,7,0,1,0,0,0,0,0,3
250.0,-9.6,0,3.22,52254.0,48540.0,1,1,1.0765142150803462,12,1,0,0,0,0,0,0,14
88.0,41.1,0,1.78,39304.0,27077.0,0,0,1.4515640580566533,8,0,0,0,0,0,0,1,18
159.0,-3.0,0,2.59,31583.0,24171.0,0,1,1.3066484630342146,12,1,0,0,0,0,0,0,6
177.0,21.9,0,3.63,40243.0,29380.0,0,0,1.3697413206262763,7,0,0,0,0,0,1,0,2
171.5,31.9,0,4.22,40337.0,31203.0,0,0,1.2927282633080153,8,0,0,1,0,0,0,0,3
171.5,-3.4,0,3.9,40346.0,31737.0,0,0,1.2712606736616567,2,0,0,0,0,1,0,0,15
171.5,19.1,0,2.82,59391.0,53575.0,0,1,1.1085580961269248,4,0,0,0,0,1,0,0,16
88.0,15.4,0,2.19,36759.0,28278.0,1,0,1.2999151283683428,9,0,0,0,0,1,0,0,2
166.0,17.3,0,2.52,64405.0,61121.0,0,1,1.053729487410219,4,0,0,0,0,0,1,0,0
156.0,34.9,0,3.53,34573.0,28749.0,0,0,1.2025809593377161,7,0,0,0,0,1,0,0,10
139.0,39.4,0,2.52,39883.0,28129.0,1,0,1.4178605709410217,8,0,0,0,0,0,1,0,10
86.0,15.3,0,2.82,29940.0,29639.0,0,0,1.0101555383110092,11,1,0,0,0,0,0,0,12
133.0,15.8,0,2.99,33111.0,27067.0,0,1,1.2232977426386376,9,0,1,0,0,0,0,0,18
171.5,16.6,0,2.86,40243.0,30676.0,0,0,1.311872473594993,2,0,0,0,1,0,0,0,1
140.0,-0.3,0,2.24,82257.0,61525.0,0,0,1.3369687119057294,1,0,0,1,0,0,0,0,0
321.0,16.2,1,11.89,13109.0,10553.0,0,1,1.2422060077703023,3,0,1,0,0,0,0,0,13
147.0,3.7,0,2.82,29960.0,23204.0,0,0,1.291156697121186,1,0,0,0,0,0,0,1,18
176.0,35.3,0,5.34,38426.0,25440.0,1,0,1.5104559748427673,7,0,0,0,0,0,0,1,18
79.0,28.1,0,0.92,40243.0,46457.0,0,0,0.866241901112857,9,0,0,0,0,0,0,1,16
221.0,16.6,0,2.82,35202.0,31306.0,1,0,1.1244489874145531,10,0,0,0,0,0,0,1,17
142.0,38.5,0,1.35,38757.0,31469.0,0,0,1.2315929962820553,6,1,0,0,0,0,0,0,4
172.0,20.5,0,1.77,39478.0,28310.0,1,0,1.3944895796538326,3,0,0,0,0,0,1,0,2
179.0,11.3,0,3.74,40243.0,34541.0,1,0,1.1650791812628472,10,0,0,0,1,0,0,0,15
332.0,19.0,0,4.29,57389.0,41250.0,0,0,1.391248484848485,11,0,0,0,1,0,0,0,7
132.0,4.9,0,1.37,41515.0,30676.0,0,0,1.3533381144868952,12,0,1,0,0,0,0,0,10
170.0,11.9,0,2.15,44506.0,40931.0,0,0,1.0873421123353937,5,0,0,0,0,0,1,0,5
171.5,19.9,0,2.25,40758.0,27973.0,1,0,1.4570478675866014,11,0,1,0,0,0,0,0,2
171.5,29.7,0,1.53,41130.0,30644.0,0,0,1.3421877039550973,6,0,0,0,0,0,1,0,11
250.0,16.5,0,2.82,40243.0,32751.0,0,0,1.2287563738511802,5,0,0,0,1,0,0,0,4
218.0,18.5,0,2.82,49587.0,36790.0,1,0,1.3478390867083447,4,0,1,0,0,0,0,0,5
95.0,16.6,0,2.1,40243.0,46325.0,1,1,0.8687101996762008,7,0,0,0,0,0,1,0,16
198.0,-6.2,1,1.62,75327.0,60423.0,1,0,1.2466610396703242,1,0,0,0,0,0,1,0,0
141.0,32.9,0,1.61,40243.0,18192.0,0,0,2.212126209322779,6,0,0,0,0,0,1,0,8
125.0,20.1,0,2.82,43922.0,38335.0,1,0,1.1457414895004565,9,0,0,0,0,0,0,1,5
192.0,3.6,0,3.48,55582.0,38340.0,0,0,1.4497130933750653,2,0,0,1,0,0,0,0,5
73.0,16.6,0,0.93,44330.0,29930.0,0,0,1.4811226194453726,12,0,1,0,0,0,0,0,2
221.0,20.4,0,3.84,17063.0,30676.0,1,1,0.5562328856434998,5,0,0,0,0,0,1,0,13
209.0,40.2,0,4.84,40067.0,27462.0,0,1,1.458997887990678,6,0,1,0,0,0,0,0,2
171.5,-8.1,0,1.24,80616.0,52553.0,0,0,1.5339942534203566,1,0,0,1,0,0,0,0,0
239.0,34.4,0,2.24,82850.0,60572.0,0,0,1.3677937000594333,8,0,0,0,0,0,1,0,0
171.5,18.1,0,1.7,34002.0,30416.0,1,0,1.117898474487112,4,0,0,0,1,0,0,0,12
125.0,16.6,0,1.22,61633.0,52809.0,0,1,1.167092730405802,2,0,0,0,0,0,1,0,16
139.0,39.0,0,5.32,29893.0,27007.0,1,1,1.1068611841374458,7,0,0,0,0,0,1,0,12
190.0,4.6,0,3.39,40243.0,32104.0,1,0,1.2535198106154997,12,0,0,0,1,0,0,0,4
299.0,15.0,1,8.34,40243.0,26877.0,0,0,1.4973025263236224,10,0,0,0,0,0,1,0,10
171.5,10.1,1,2.82,56804.0,48835.0,1,0,1.1631821439541312,10,0,0,0,0,0,1,0,14
171.5,-1.1,0,2.98,40243.0,20797.0,0,0,1.9350387075058904,1,1,0,0,0,0,0,0,6
134.0,12.9,0,2.65,38172.0,31577.0,0,1,1.2088545460303386,3,0,0,0,0,0,1,0,2
171.5,-3.6,0,1.46,51909.0,46492.0,0,0,1.1165146691903984,1,1,0,0,0,0,0,0,14
102.0,-8.9,0,0.81,41319.0,32134.0,0,1,1.2858343187900665,2,0,1,0,0,0,0,0,4
171.5,3.4,0,4.35,41884.0,31393.0,0,0,1.3341827796005479,2,0,0,0,0,0,1,0,9
174.0,6.8,0,1.89,58543.0,40652.0,1,0,1.4401013480271574,10,0,0,1,0,0,0,0,14
176.0,3.3,0,3.17,40243.0,31557.0,1,0,1.2752479640016479,9,0,0,1,0,0,0,0,2
90.0,38.8,0,1.53,23436.0,18225.0,1,0,1.285925925925926,8,0,0,0,0,0,1,0,8
189.0,-5.1,0,3.26,62180.0,30676.0,0,0,2.02699178510888,1,0,0,0,0,1,0,0,7
189.0,34.8,0,3.07,47431.0,35149.0,0,0,1.349426726222652,8,0,0,0,0,0,0,1,4
170.0,34.1,0,5.06,33336.0,28082.0,0,1,1.1870949362581014,6,1,0,0,0,0,0,0,10
171.5,19.3,0,2.82,37043.0,31147.0,1,1,1.1892959193501782,4,0,0,0,0,1,0,0,11
135.0,17.0,0,2.82,75120.0,60087.0,1,1,1.250187228518648,11,0,0,0,1,0,0,0,0
171.5,16.6,0,3.69,43952.0,33165.0,0,0,1.3252525252525253,12,0,1,0,0,0,0,0,4
171.5,9.0,0,3.98,40552.0,34341.0,1,0,1.1808625258437437,10,0,0,0,0,0,0,1,3
166.0,33.5,0,3.3,40243.0,32405.0,0,0,1.241876253664558,7,0,0,0,1,0,0,0,2
229.0,19.8,0,2.07,14558.0,10987.0,0,0,1.3250204787476108,4,1,0,0,0,0,0,0,13
146.0,16.6,0,1.98,47581.0,35245.0,0,1,1.35000709320471,1,0,0,0,0,0,0,1,4
198.0,21.2,0,3.32,40243.0,21622.0,0,0,1.8612061788918695,3,0,0,1,0,0,0,0,6
171.5,-3.7,1,12.36,43191.0,38333.0,0,0,1.126731536795972,2,0,0,0,1,0,0,0,5
171.0,17.9,0,3.93,45807.0,33228.0,1,0,1.3785662694113399,5,0,0,0,0,0,0,1,15
185.0,7.9,0,4.15,40555.0,33370.0,0,0,1.2153131555289183,9,0,0,0,0,1,0,0,15
132.0,31.5,0,2.88,40243.0,44356.0,1,0,0.9072729732167012,3,0,1,0,0,0,0,0,7
183.0,34.8,0,2.82,28101.0,21861.0,0,1,1.2854398243447234,6,0,0,0,0,1,0,0,19
171.5,33.7,0,2.82,40842.0,30339.0,0,0,1.3461880747552655,6,0,0,1,0,0,0,0,1
163.0,5.8,0,3.52,22013.0,16376.0,1,0,1.3442232535417684,5,0,1,0,0,0,0,0,8
114.0,11.6,0,2.06,33303.0,22744.0,0,0,1.4642543088287021,10,0,1,0,0,0,0,0,19
202.0,23.2,0,3.67,43101.0,34490.0,1,0,1.2496665700202958,8,0,0,0,0,1,0,0,3
171.5,13.6,0,7.56,34200.0,32241.0,0,0,1.060761142644459,3,0,0,0,1,0,0,0,17
216.0,6.9,0,4.82,34263.0,31901.0,0,0,1.0740415660951068,2,0,0,1,0,0,0,0,9
252.0,13.0,0,3.37,44259.0,35484.0,0,1,1.2472945552925263,10,0,0,0,0,0,0,1,5
217.0,39.4,0,2.61,54203.0,38485.0,0,0,1.4084188644926594,6,0,0,1,0,0,0,0,5
144.0,16.6,0,2.82,32087.0,22434.0,1,0,1.4302843897655344,4,0,0,0,0,1,0,0,19
171.5,27.1,0,3.78,31499.0,20326.0,0,1,1.5496900521499557,6,0,0,1,0,0,0,0,6
161.0,8.8,0,2.82,40243.0,9384.0,0,0,4.288469735720375,4,0,0,0,0,1,0,0,13
171.5,-10.5,0,2.82,46946.0,41265.0,0,0,1.1376711498848904,1,0,0,0,0,0,1,0,5
189.0,38.0,0,4.8,34530.0,30648.0,0,0,1.1266640563821457,8,0,0,0,1,0,0,0,10
263.0,-0.1,0,4.23,35339.0,22879.0,0,0,1.5446042222125094,12,0,0,1,0,0,0,0,18
171.5,15.6,0,2.82,30407.0,27032.0,0,1,1.1248520272269902,11,0,0,1,0,0,0,0,18
180.0,-6.4,0,4.02,41524.0,32583.0,0,1,1.2744068993033177,12,1,0,0,0,0,0,0,4
201.0,20.0,0,3.96,84577.0,57282.0,1,0,1.4765022171013582,4,0,0,1,0,0,0,0,0
238.0,24.8,0,4.55,66106.0,53547.0,0,0,1.2345416176443125,8,0,1,0,0,0,0,0,16
90.0,-4.7,0,2.82,34698.0,27405.0,0,0,1.266119321291735,2,0,0,0,0,0,1,0,18
120.0,20.7,0,1.1,40243.0,21106.0,0,1,1.9067089927034966,3,0,1,0,0,0,0,0,6
149.0,17.8,0,1.29,33750.0,27417.0,0,1,1.2309880730933362,9,0,0,0,0,0,1,0,1
174.0,35.6,0,2.04,46964.0,32987.0,0,0,1.4237123715403037,8,0,0,0,0,0,1,0,11
244.0,-0.9,0,2.89,31483.0,21292.0,0,0,1.478630471538606,1,0,0,1,0,0,0,0,6
171.5,16.0,0,2.82,37156.0,34153.0,0,0,1.0879278540684567,3,0,0,0,0,1,0,0,3
227.0,22.2,0,6.16,17100.0,9448.0,1,0,1.8099068585944116,6,0,0,0,0,0,0,1,13
241.0,4.5,0,3.12,40243.0,28105.0,0,0,1.4318804483188046,12,0,0,0,0,0,1,0,12
171.5,15.1,0,2.71,40243.0,40229.0,0,0,1.0003480076561684,3,0,0,0,0,0,0,1,5
171.5,18.9,0,1.72,40243.0,33439.0,0,0,1.2034749842997696,4,0,0,0,0,0,1,0,15
348.0,1.1,1,5.44,38620.0,27759.0,1,1,1.3912604920926546,1,0,0,0,0,0,1,0,2
124.0,2.4,0,2.82,42510.0,29587.0,0,1,1.4367796667455301,12,0,0,0,1,0,0,0,1
191.0,17.2,0,1.63,48291.0,30153.0,0,0,1.601532185852154,9,0,0,0,0,0,1,0,3
204.0,16.6,0,4.56,36596.0,25954.0,1,0,1.410033135547507,11,0,1,0,0,0,0,0,12
224.0,19.9,0,3.73,30961.0,27652.0,0,1,1.1196658469550123,3,0,0,0,0,1,0,0,12
254.0,30.5,0,2.82,40243.0,36278.0,0,0,1.1092948894646892,6,0,0,0,1,0,0,0,15
260.0,27.5,0,2.6,27176.0,19087.0,1,0,1.4237963011473778,5,0,1,0,0,0,0,0,8
171.5,11.0,0,4.2,23554.0,18167.0,1,0,1.296526669235427,3,1,0,0,0,0,0,0,8
159.0,28.1,0,1.8,23952.0,16513.0,0,0,1.4504935505359413,7,0,0,1,0,0,0,0,8
88.0,13.1,0,1.3,44519.0,32978.0,1,0,1.3499605797804597,3,0,0,0,0,1,0,0,2
154.0,18.8,0,4.4,24806.0,30676.0,0,0,0.8086451949406702,8,0,0,1,0,0,0,0,8
133.0,19.4,0,2.73,30606.0,21458.0,0,0,1.4263211855718148,3,0,0,0,1,0,0,0,6
171.5,10.9,0,2.82,50116.0,35502.0,0,0,1.4116387809137514,11,0,1,0,0,0,0,0,15
182.0,45.0,0,4.75,31100.0,27696.0,1,0,1.1229058347775853,7,0,0,1,0,0,0,0,12
113.0,-2.5,0,2.55,35079.0,30676.0,1,1,1.1435324031816403,12,1,0,0,0,0,0,0,10
167.0,6.4,0,4.08,47668.0,36921.0,0,0,1.2910809566371442,4,0,0,0,1,0,0,0,4
171.5,8.3,0,1.62,25796.0,18085.0,0,0,1.4263754492673486,9,0,0,0,1,0,0,0,8
168.0,41.2,0,1.71,57387.0,46014.0,0,0,1.2471639066371105,6,0,0,0,0,0,0,1,14
237.0,16.6,0,3.95,71393.0,52877.0,1,0,1.3501711519186035,5,0,0,0,0,0,1,0,16
163.0,37.5,0,4.25,35383.0,30015.0,0,0,1.1788439113776445,6,0,0,0,1,0,0,0,12
171.5,40.6,0,1.84,53767.0,30676.0,1,0,1.7527382970400314,8,0,0,0,0,1,0,0,5
326.0,16.6,0,8.1,62368.0,39871.0,0,1,1.5642446891224198,11,0,0,0,1,0,0,0,7
70.0,1.5,0,1.14,34954.0,26077.0,1,0,1.3404149250297197,1,0,1,0,0,0,0,0,10
201.0,17.9,0,1.95,56292.0,46926.0,0,0,1.1995908451604653,5,0,0,0,0,0,0,1,14
218.0,25.4,0,4.99,13210.0,10474.0,0,0,1.2612182547259883,6,1,0,0,0,0,0,0,13
142.0,40.5,0,2.41,38067.0,29747.0,0,0,1.27969206978855,8,0,0,0,0,0,1,0,3
237.0,16.6,0,4.39,54822.0,41016.0,0,0,1.3366003510825044,1,0,1,0,0,0,0,0,7
149.0,35.8,0,3.18,47721.0,37025.0,0,1,1.2888858879135718,6,1,0,0,0,0,0,0,5
171.5,14.3,0,3.22,27206.0,17192.0,0,0,1.5824802233597022,9,0,0,0,1,0,0,0,8
115.0,-4.4,0,2.38,45021.0,35092.0,0,0,1.2829419810783085,1,1,0,0,0,0,0,0,5
171.5,36.2,0,3.32,57439.0,30676.0,0,0,1.8724409962185422,6,0,0,0,0,0,0,1,16
174.0,28.5,0,2.14,51793.0,44045.0,0,0,1.1759110001135202,8,0,0,0,0,0,1,0,14
230.0,16.6,0,4.82,54317.0,43195.0,0,1,1.257483505035305,4,0,0,0,0,1,0,0,7
253.0,16.6,0,3.43,44266.0,31986.0,0,1,1.3839179641092978,10,1,0,0,0,0,0,0,2
171.5,16.0,0,1.57,42973.0,30676.0,1,0,1.4008671273960098,11,1,0,0,0,0,0,0,3
114.0,30.2,0,2.07,14836.0,9706.0,0,0,1.5285390480115393,6,0,1,0,0,0,0,0,13
172.0,18.0,0,1.46,34795.0,23024.0,1,0,1.511249131341209,4,0,0,0,0,0,0,1,18
155.0,10.7,0,3.12,40243.0,33854.0,1,1,1.188722159862941,9,0,0,0,0,0,0,1,11
133.0,16.6,1,5.03,40243.0,59587.0,0,0,0.6753654320573279,6,1,0,0,0,0,0,0,0
124.0,12.4,0,1.83,38258.0,31372.0,1,0,1.2194950911640954,10,0,1,0,0,0,0,0,3
171.5,15.6,0,2.82,53817.0,40583.0,0,1,1.3260971342680432,3,0,0,0,0,0,1,0,7
171.5,-3.4,0,2.04,37804.0,28280.0,0,0,1.3367751060820368,1,0,1,0,0,0,0,0,2
186.0,16.5,0,2.52,29800.0,21363.0,0,0,1.3949351682816085,11,0,0,0,0,0,0,1,6
211.0,25.0,0,3.98,45800.0,28449.0,0,0,1.6098984147070197,3,0,0,0,0,0,0,1,9
123.0,20.8,0,1.47,37639.0,30222.0,0,1,1.245417245715042,11,0,0,0,0,0,0,1,2
99.0,16.6,0,1.62,52185.0,46099.0,0,0,1.132020217358294,3,0,0,0,1,0,0,0,14
269.0,14.9,0,2.82,33302.0,30676.0,0,0,1.085604381275264,11,0,0,0,1,0,0,0,6
123.0,10.1,0,3.03,16310.0,10203.0,0,0,1.5985494462413017,3,0,0,0,0,0,1,0,13
177.0,16.6,0,3.14,28464.0,30676.0,1,0,0.9278915112791759,2,0,1,0,0,0,0,0,8
198.0,9.4,0,3.97,29565.0,21360.0,0,0,1.384129213483146,10,1,0,0,0,0,0,0,6
141.0,45.0,0,2.82,27247.0,20374.0,1,0,1.3373417100225777,8,0,1,0,0,0,0,0,19
92.0,32.5,0,2.82,40243.0,22933.0,0,0,1.7548074826668991,8,1,0,0,0,0,0,0,19
189.0,35.2,0,3.78,62543.0,30676.0,0,0,2.0388251401747293,6,0,0,0,0,1,0,0,7
171.5,16.6,0,1.14,40243.0,32831.0,0,0,1.2257622369102372,7,0,0,0,0,0,0,1,17
171.5,16.2,0,2.14,34062.0,30676.0,0,0,1.11037944973269,10,0,0,0,1,0,0,0,19
124.0,16.6,0,2.82,43716.0,31174.0,0,0,1.4023224481940078,9,0,0,0,0,0,0,1,2
171.5,17.5,0,5.09,29138.0,22136.0,0,0,1.3163173111673292,5,0,0,0,0,1,0,0,6
225.0,30.2,0,4.44,66209.0,44786.0,0,1,1.4783414459875854,6,0,0,0,1,0,0,0,14
190.0,17.0,0,3.75,29347.0,22638.0,0,0,1.2963601024825515,3,0,0,1,0,0,0,0,6
171.5,19.2,0,2.36,45725.0,30949.0,1,1,1.4774306116514266,5,0,0,0,0,0,1,0,3
370.0,16.6,1,5.42,38422.0,29424.0,0,1,1.3058047852093528,1,0,1,0,0,0,0,0,3
99.0,-6.9,0,1.68,31367.0,20786.0,0,0,1.5090445492158184,12,0,1,0,0,0,0,0,6
171.5,30.4,0,6.74,36896.0,30676.0,1,0,1.2027643760594602,6,0,0,0,0,1,0,0,10
230.0,-8.9,0,3.03,54208.0,48819.0,0,0,1.1103873491878162,12,1,0,0,0,0,0,0,14
464.0,25.9,1,6.06,31187.0,23323.0,1,0,1.3371778930669296,5,0,0,1,0,0,0,0,19
344.0,14.9,1,7.02,68404.0,30676.0,0,0,2.2298865562654844,5,0,0,0,0,1,0,0,0
237.0,13.2,0,2.9,26098.0,23060.0,0,1,1.131743278404163,5,0,0,0,0,0,0,1,6
174.0,45.0,0,4.06,36448.0,26668.0,1,0,1.3667316634168292,7,0,0,0,0,1,0,0,18
329.0,16.6,0,4.92,38327.0,32234.0,0,0,1.189024011912887,11,0,0,0,1,0,0,0,9
192.0,40.6,0,1.98,72442.0,46214.0,0,0,1.5675336478123512,7,1,0,0,0,0,0,0,16
235.0,0.7,0,2.55,40243.0,30452.0,0,0,1.321522395901747,1,1,0,0,0,0,0,0,12
68.0,39.8,0,1.32,41662.0,32753.0,0,0,1.2720056178060024,6,0,1,0,0,0,0,0,11
155.0,25.8,0,1.79,51428.0,30676.0,0,0,1.6764897639848741,8,0,0,0,1,0,0,0,5
171.5,0.3,0,4.43,15724.0,9789.0,0,0,1.6062927776075187,2,0,0,1,0,0,0,0,13
235.0,16.6,0,1.95,31199.0,21834.0,1,0,1.4289182009709627,1,0,1,0,0,0,0,0,6
171.5,32.6,1,8.19,52304.0,40570.0,0,0,1.289228493961055,7,0,0,0,0,1,0,0,5
179.0,20.2,0,3.42,40243.0,26462.0,0,1,1.5207845212002116,5,0,1,0,0,0,0,0,18
171.5,35.4,1,18.46,13986.0,30676.0,1,0,0.4559264571652106,7,0,0,0,1,0,0,0,13
236.0,-3.7,0,3.57,36959.0,27813.0,1,0,1.328839032107288,1,0,0,0,0,0,1,0,1
230.0,16.6,0,2.82,52454.0,43985.0,0,1,1.1925429123564852,5,1,0,0,0,0,0,0,14
300.0,1.8,0,7.08,29778.0,21399.0,1,1,1.391560353287537,1,0,0,0,1,0,0,0,19
132.0,16.6,0,2.12,39667.0,25394.0,1,0,1.562061904386863,5,0,1,0,0,0,0,0,10
171.5,36.0,0,2.09,60217.0,48518.0,0,1,1.241127004410734,8,0,0,1,0,0,0,0,16
171.5,16.6,0,1.45,47361.0,32225.0,0,0,1.4696974398758729,10,0,0,0,0,0,0,1,4
66.0,16.6,0,1.37,84544.0,52482.0,0,1,1.6109142182081475,6,1,0,0,0,0,0,0,0
284.0,29.5,0,3.62,38803.0,29198.0,0,0,1.3289608877320365,5,0,0,0,1,0,0,0,2
171.5,0.4,0,3.02,47548.0,35363.0,1,0,1.3445691824788621,1,0,0,0,0,0,1,0,15
171.5,14.8,0,1.77,49127.0,35441.0,0,0,1.386162918653537,10,0,0,0,1,0,0,0,5
257.0,25.6,0,6.46,38422.0,29903.0,0,0,1.2848878038992744,5,0,0,1,0,0,0,0,1
97.0,-3.8,0,0.83,60529.0,51439.0,0,0,1.176714166294057,2,1,0,0,0,0,0,0,16
214.0,15.3,0,6.71,36777.0,27196.0,0,1,1.3522944550669216,3,0,0,1,0,0,0,0,1
125.0,16.6,0,1.02,74336.0,52756.0,0,0,1.4090529987110472,11,0,0,1,0,0,0,0,0
132.0,15.0,0,2.82,28580.0,19671.0,1,0,1.4529002084286513,4,0,0,1,0,0,0,0,8
111.0,19.2,0,1.63,63819.0,45718.0,0,0,1.3959272059145194,10,0,1,0,0,0,0,0,14
138.0,14.0,0,2.55,40243.0,27899.0,0,0,1.4424531345209506,11,0,1,0,0,0,0,0,10
209.0,11.0,0,5.1,40058.0,30259.0,0,1,1.3238375359397203,1,0,0,0,0,0,0,1,17
129.0,10.5,0,3.62,40243.0,9784.0,1,0,4.113143908421914,10,0,1,0,0,0,0,0,13
97.0,18.7,0,1.53,54567.0,41552.0,1,0,1.3132219869079707,4,0,0,1,0,0,0,0,7
89.0,8.7,0,0.89,41904.0,30676.0,0,0,1.366019037684183,11,1,0,0,0,0,0,0,1
136.0,16.6,0,3.24,42642.0,34600.0,1,1,1.23242774566474,4,0,0,0,0,1,0,0,5
110.0,16.6,0,1.23,40243.0,28216.0,1,0,1.4262475191380777,10,0,0,1,0,0,0,0,10
240.0,16.6,0,3.53,57999.0,41575.0,1,0,1.3950450992182801,12,0,0,1,0,0,0,0,7
147.0,12.0,0,1.69,40243.0,48753.0,1,1,0.8254466391811786,5,0,0,0,0,0,1,0,16
81.0,8.8,0,1.95,30602.0,30676.0,1,0,0.9975876907028296,1,0,1,0,0,0,0,0,19
114.0,11.9,0,2.82,62159.0,45320.0,0,0,1.371557811120918,10,0,0,0,1,0,0,0,14
134.0,16.6,0,1.89,40243.0,36274.0,0,0,1.1094172134311078,5,0,0,0,1,0,0,0,4
171.5,28.8,0,2.82,50939.0,39873.0,1,0,1.2775311614375642,8,0,1,0,0,0,0,0,7
196.0,33.3,0,2.15,32261.0,23746.0,0,0,1.3585867093405206,8,1,0,0,0,0,0,0,19
259.0,-2.2,0,3.0,67599.0,53107.0,0,0,1.2728830474325419,1,0,0,0,1,0,0,0,16
171.5,16.6,0,2.72,28356.0,18960.0,0,0,1.4955696202531645,8,1,0,0,0,0,0,0,8
130.0,34.4,0,3.24,41233.0,30676.0,0,1,1.344145260138219,7,0,0,0,0,1,0,0,17
171.5,36.9,0,5.87,53911.0,38544.0,1,1,1.398687214611872,8,0,0,0,0,0,0,1,7
173.0,16.6,0,4.88,31385.0,28263.0,0,0,1.11046244206206,10,0,0,0,1,0,0,0,12
97.0,40.5,0,2.33,14244.0,10488.0,0,0,1.3581235697940504,8,0,0,0,0,0,1,0,13
256.0,17.7,0,2.82,45724.0,27611.0,0,0,1.6560066640107203,4,0,0,0,1,0,0,0,2
198.0,16.6,0,2.82,33852.0,30676.0,0,0,1.103533707132612,10,0,0,0,0,0,0,1,19
251.0,16.6,0,4.15,47588.0,38338.0,0,0,1.241274975220408,11,0,0,1,0,0,0,0,5
171.5,16.6,0,4.21,40243.0,30702.0,0,1,1.3107615139078888,6,0,0,0,0,0,0,1,10
205.0,9.4,0,2.18,28651.0,20166.0,0,0,1.4207577109987106,11,0,1,0,0,0,0,0,6
128.0,1.6,0,2.82,40287.0,33068.0,0,0,1.2183077295270353,12,0,0,0,0,0,0,1,3
130.0,15.3,0,1.09,61900.0,30676.0,0,1,2.0178641283087755,9,0,0,0,0,1,0,0,16
121.0,-0.7,0,2.82,44133.0,34122.0,0,0,1.2933884297520661,2,0,0,0,0,0,1,0,3
141.0,36.1,0,4.01,68567.0,51373.0,0,0,1.334689428298912,7,0,0,1,0,0,0,0,16
188.0,14.3,0,2.78,12859.0,30676.0,1,0,0.41918763854479074,11,0,1,0,0,0,0,0,13
241.0,22.9,0,5.48,40243.0,32370.0,0,0,1.243219029966018,5,0,1,0,0,0,0,0,11
156.0,8.7,0,2.82,35809.0,30088.0,0,1,1.1901422494017548,2,0,0,1,0,0,0,0,12
245.0,13.7,0,3.72,40350.0,28192.0,0,0,1.4312570942111238,9,0,1,0,0,0,0,0,10
171.5,26.0,1,7.88,47184.0,29834.0,0,1,1.581551250251391,5,0,1,0,0,0,0,0,11
244.0,26.6,0,4.11,47133.0,30654.0,1,0,1.5375807398708161,4,0,0,1,0,0,0,0,4
171.5,-1.7,0,4.75,33331.0,30676.0,1,0,1.0865497457295605,12,0,1,0,0,0,0,0,18
111.0,5.3,0,1.87,40243.0,59980.0,1,0,0.6709403134378126,5,0,0,0,0,0,0,1,0
250.0,16.6,0,5.66,77161.0,57232.0,0,1,1.3482142857142858,9,0,0,0,1,0,0,0,0
157.0,16.6,0,4.08,28862.0,20742.0,0,1,1.391476231800212,11,0,0,1,0,0,0,0,19
171.5,11.0,0,2.82,40243.0,44661.0,1,0,0.9010770023062628,11,1,0,0,0,0,0,0,7
289.0,6.7,0,4.88,27244.0,17302.0,0,0,1.5746156513697838,10,0,0,0,1,0,0,0,8
95.0,15.6,0,1.82,37762.0,32032.0,1,0,1.1788836163836163,9,0,1,0,0,0,0,0,9
120.0,18.9,0,1.99,17212.0,30676.0,1,0,0.5610901030121267,9,1,0,0,0,0,0,0,13
162.0,30.7,0,2.82,46397.0,33033.0,1,0,1.4045651318378591,8,0,1,0,0,0,0,0,4
67.0,45.0,0,1.63,52681.0,44469.0,0,0,1.1846679709460524,6,1,0,0,0,0,0,0,14
190.0,36.7,0,3.6,46809.0,35279.0,0,0,1.3268233226565378,8,0,1,0,0,0,0,0,15
233.0,11.0,0,3.9,59410.0,48850.0,0,0,1.216171954964176,11,0,0,0,0,1,0,0,16
175.0,14.2,0,2.87,53104.0,30676.0,0,0,1.7311253096883557,11,0,0,0,1,0,0,0,7
103.0,34.7,0,2.81,53277.0,44789.0,1,0,1.189510817388198,7,0,0,0,0,1,0,0,14
279.0,37.2,0,10.27,40243.0,38947.0,1,1,1.0332759904485582,6,0,0,0,1,0,0,0,7
136.0,17.6,0,2.6,40243.0,30676.0,0,1,1.311872473594993,3,0,0,0,0,0,1,0,5
359.0,22.7,1,2.82,40243.0,25512.0,1,0,1.5774145500156789,4,0,0,0,0,0,1,0,12
188.0,9.0,0,2.82,45882.0,29248.0,0,0,1.568722647702407,9,0,0,0,1,0,0,0,17
148.0,12.0,0,2.98,27754.0,21169.0,0,0,1.3110680712362417,10,0,1,0,0,0,0,0,6
198.0,38.7,0,4.56,41969.0,29790.0,0,0,1.4088284659281638,7,0,0,0,1,0,0,0,11
171.5,35.7,0,3.31,40495.0,30105.0,0,1,1.3451253944527488,8,0,0,0,1,0,0,0,10
164.0,14.1,0,1.85,73324.0,47136.0,0,1,1.5555838424983028,9,1,0,0,0,0,0,0,16
113.0,-1.0,0,1.49,44435.0,27528.0,1,0,1.6141746585294972,2,1,0,0,0,0,0,0,17
130.0,18.0,0,1.97,40243.0,29054.0,1,0,1.3851104839264816,11,0,1,0,0,0,0,0,10
123.0,21.0,0,3.14,46029.0,30933.0,1,0,1.4880225002424594,11,0,0,0,0,1,0,0,3
105.0,16.6,0,1.95,46032.0,33247.0,0,0,1.3845459740728487,6,0,0,0,0,1,0,0,11
141.0,-7.9,0,2.06,38219.0,27377.0,1,1,1.3960258611243015,2,1,0,0,0,0,0,0,9
196.0,40.8,0,4.95,40243.0,32688.0,0,1,1.2311245717082722,8,0,0,0,0,0,0,1,15
227.0,32.0,0,4.94,65297.0,49911.0,1,0,1.308268718318607,8,0,0,0,0,0,1,0,16
136.0,39.1,1,3.69,33558.0,20515.0,1,1,1.635778698513283,8,0,1,0,0,0,0,0,19
224.0,32.0,0,2.82,16884.0,10580.0,0,1,1.5958412098298678,6,0,0,0,0,0,1,0,13
210.0,-3.5,0,3.59,40243.0,30676.0,0,0,1.311872473594993,12,1,0,0,0,0,0,0,7
136.0,-6.6,0,1.09,57196.0,36238.0,0,1,1.5783431756719466,1,0,0,0,0,0,1,0,5
203.0,44.7,0,4.79,40243.0,42490.0,0,0,0.9471169686985172,7,0,1,0,0,0,0,0,14
72.0,-0.2,0,0.54,40243.0,9248.0,0,0,4.351535467128028,12,0,0,0,0,0,0,1,13
295.0,9.1,0,2.82,39557.0,27033.0,1,0,1.4632856138793326,3,0,0,1,0,0,0,0,12
221.0,2.6,0,4.7,26780.0,18043.0,0,0,1.4842321121764672,12,0,0,0,1,0,0,0,8
171.5,14.6,1,7.43,30624.0,23704.0,0,0,1.2919338508268647,9,0,0,0,0,0,1,0,19
109.0,16.0,0,1.12,55462.0,41254.0,0,0,1.3444029669850197,9,0,0,0,0,0,0,1,7
144.0,16.6,0,3.72,39640.0,28283.0,0,0,1.4015486334547254,12,0,0,0,1,0,0,0,10
171.5,17.2,0,0.72,71962.0,49151.0,0,1,1.4641004252202396,5,0,0,0,0,0,1,0,16
105.0,-1.6,0,2.82,40243.0,49458.0,0,0,0.8136802943912006,12,0,0,1,0,0,0,0,16
99.0,10.8,0,1.82,34257.0,28167.0,0,0,1.216210459047822,3,0,0,0,0,0,1,0,10
94.0,35.7,0,1.65,44285.0,34722.0,1,0,1.275416162663441,8,0,1,0,0,0,0,0,15
182.0,-3.7,0,4.11,70308.0,61140.0,1,0,1.1499509322865555,12,0,0,0,1,0,0,0,0
184.0,16.8,0,3.74,40533.0,32776.0,0,0,1.2366670734683916,5,0,0,1,0,0,0,0,17
203.0,-0.3,0,4.05,42916.0,34044.0,0,0,1.2606039243332159,12,0,0,1,0,0,0,0,3
171.5,23.3,0,2.58,34664.0,30386.0,0,0,1.1407885210294215,7,0,0,0,0,0,0,1,10
171.5,14.3,0,2.5,40439.0,30378.0,0,0,1.331193626966884,9,0,0,0,1,0,0,0,1
238.0,-3.9,0,2.82,49832.0,31563.0,0,1,1.5788106327028484,12,0,1,0,0,0,0,0,15
171.5,-5.2,0,2.82,44731.0,34112.0,0,0,1.3112980769230769,12,1,0,0,0,0,0,0,15
171.5,-1.4,0,1.75,12999.0,9005.0,0,0,1.4435313714602998,2,0,0,0,0,0,1,0,13
219.0,35.2,0,6.05,28237.0,23191.0,0,0,1.2175844077443836,8,0,0,0,1,0,0,0,19
112.0,34.5,0,1.28,55504.0,46717.0,0,0,1.1880899886550935,8,0,0,0,0,1,0,0,16
171.5,16.6,0,2.64,52808.0,45082.0,0,1,1.1713766026351982,5,0,0,0,0,0,1,0,14
340.0,21.1,1,10.26,44226.0,38142.0,0,0,1.1595092024539877,3,0,0,0,0,0,1,0,15
238.0,1.7,0,5.56,40329.0,33356.0,0,0,1.2090478474637247,2,0,0,0,0,0,1,0,15
271.0,25.6,0,3.03,60174.0,52454.0,0,0,1.1471765737598658,4,0,0,0,1,0,0,0,16
143.0,2.9,0,2.28,35680.0,26091.0,0,0,1.3675213675213675,11,1,0,0,0,0,0,0,1
251.0,12.7,0,2.24,33597.0,27418.0,0,0,1.2253629002844846,3,0,0,0,0,1,0,0,12
100.0,44.6,0,2.11,66657.0,51892.0,1,0,1.2845332613890388,6,0,0,0,0,1,0,0,16
171.5,25.4,0,2.82,58304.0,54529.0,0,0,1.0692292174806066,5,1,0,0,0,0,0,0,16
240.0,0.7,0,4.61,27657.0,17972.0,0,0,1.5388938348542176,1,0,0,1,0,0,0,0,8
222.0,29.8,0,2.36,26733.0,23593.0,1,1,1.1330903234010088,6,0,0,0,0,0,1,0,19
77.0,16.6,0,2.82,36556.0,24565.0,1,1,1.488133523305516,5,0,0,0,0,0,1,0,18
264.0,-7.1,0,3.76,27773.0,24013.0,0,0,1.1565818514971058,12,0,0,0,1,0,0,0,6
171.5,-6.3,0,1.3,38774.0,32816.0,1,0,1.1815577766942955,2,0,0,0,1,0,0,0,2
134.0,21.2,0,2.23,31508.0,24395.0,0,0,1.2915761426521828,9,0,0,0,0,0,0,1,18
240.0,-6.3,0,3.09,42715.0,35733.0,1,0,1.195393613746397,12,0,0,1,0,0,0,0,4
188.0,11.5,0,2.82,14350.0,30676.0,0,0,0.4677924110053462,3,0,0,0,0,0,0,1,13
171.5,28.7,0,2.15,58388.0,41549.0,0,0,1.4052805121663579,7,0,0,0,1,0,0,0,7
171.5,16.6,0,2.52,40507.0,30676.0,0,0,1.3204785500065197,12,1,0,0,0,0,0,0,17
107.0,15.5,0,2.82,27106.0,23130.0,0,0,1.1718979680069175,4,0,1,0,0,0,0,0,19
98.0,26.2,0,1.47,43993.0,36788.0,0,0,1.195851908230945,4,0,0,0,0,0,0,1,15
171.5,16.6,0,4.74,45413.0,30676.0,0,0,1.4804081366540618,5,0,0,0,0,1,0,0,11
201.0,16.6,0,4.24,55207.0,40049.0,0,0,1.3784863542160852,10,0,0,0,0,1,0,0,7
101.0,2.6,0,2.25,15514.0,10047.0,0,0,1.5441425301084901,12,0,0,0,0,1,0,0,13
119.0,16.6,0,2.48,37297.0,30676.0,0,0,1.215836484548181,9,0,0,0,0,1,0,0,1
122.0,30.4,0,2.97,78685.0,53515.0,0,1,1.4703354199757077,6,0,0,0,0,1,0,0,0
124.0,-9.0,0,1.77,14809.0,9517.0,0,1,1.5560575811705368,2,0,0,0,1,0,0,0,13
206.0,16.6,0,1.81,21962.0,19621.0,0,0,1.119310942357678,4,1,0,0,0,0,0,0,8
145.0,45.0,0,4.43,30181.0,23549.0,0,0,1.2816255467323454,6,0,0,1,0,0,0,0,6
151.0,16.3,0,2.74,61433.0,46132.0,1,1,1.3316786612329836,11,0,0,0,0,1,0,0,7
107.0,16.6,0,1.54,36492.0,30676.0,1,0,1.189594471247881,11,0,0,0,0,1,0,0,11
319.0,22.9,0,6.11,51355.0,32386.0,1,0,1.5857160501451244,9,0,0,0,1,0,0,0,4
120.0,16.6,1,2.82,35178.0,25205.0,0,1,1.3956754612180122,3,0,1,0,0,0,0,0,10
149.0,-12.9,1,1.85,36495.0,30676.0,1,0,1.1896922675707393,1,0,1,0,0,0,0,0,2
154.0,7.2,1,3.57,38923.0,29287.0,0,0,1.3290197015740772,9,1,0,0,0,0,0,0,1
108.0,2.5,0,1.02,16964.0,30676.0,1,0,0.5530056069891772,12,1,0,0,0,0,0,0,13
98.0,-4.7,0,1.58,45128.0,30676.0,1,0,1.4711174859825271,1,0,0,0,0,1,0,0,11
182.0,34.8,0,2.82,46464.0,35760.0,0,0,1.2993288590604026,8,0,1,0,0,0,0,0,5
161.0,16.6,0,1.6,15325.0,9384.0,0,0,1.6330988917306053,4,0,0,0,0,1,0,0,13
110.0,18.2,0,2.05,45101.0,33933.0,0,0,1.3291191465535024,3,0,0,0,0,0,0,1,11
171.5,19.9,0,2.72,40243.0,43045.0,1,1,0.9349053316296898,5,0,0,0,1,0,0,0,7
273.0,25.3,0,4.77,40246.0,29350.0,1,0,1.3712436115843272,9,0,0,0,1,0,0,0,17
144.0,39.2,0,2.3,36631.0,31237.0,0,0,1.1726798348112815,7,0,0,0,0,0,1,0,9
238.0,34.9,0,2.82,37564.0,30297.0,0,1,1.2398587318876457,7,0,1,0,0,0,0,0,10
174.0,16.6,0,2.72,31694.0,30676.0,0,1,1.0331855522232365,5,0,0,0,1,0,0,0,6
223.0,12.5,0,2.65,34367.0,30676.0,0,0,1.1203220758899466,9,0,0,0,0,1,0,0,6
144.0,17.8,0,3.78,17132.0,10088.0,1,0,1.6982553528945281,3,1,0,0,0,0,0,0,13
265.0,-1.5,0,2.44,13230.0,10633.0,0,0,1.2442396313364055,1,0,0,0,0,0,0,1,13
153.0,16.6,0,2.9,77473.0,62924.0,0,0,1.2312154344924036,8,0,1,0,0,0,0,0,0
171.5,22.6,1,6.24,68529.0,46896.0,0,1,1.461297338792221,3,0,1,0,0,0,0,0,16
80.0,17.6,0,0.7,51742.0,31837.0,0,0,1.6252159437132896,3,1,0,0,0,0,0,0,15
210.0,10.7,0,5.31,55404.0,48197.0,1,1,1.1495321285557192,10,0,0,0,0,0,0,1,14
202.0,32.0,0,5.61,34943.0,30676.0,1,0,1.1390989698787326,8,1,0,0,0,0,0,0,18
198.0,-2.6,0,2.82,48696.0,30676.0,0,0,1.5874299126352849,2,0,0,0,0,0,0,1,4
134.0,16.6,0,3.14,23492.0,17339.0,1,0,1.354864755752927,9,0,1,0,0,0,0,0,8
250.0,32.5,0,3.92,61834.0,42514.0,0,0,1.4544385378933997,7,1,0,0,0,0,0,0,14
201.0,11.2,1,4.17,42925.0,29216.0,0,0,1.4692291894852136,9,1,0,0,0,0,0,0,1
223.0,39.6,0,2.82,35082.0,30676.0,0,0,1.1436301995044986,7,0,0,0,0,0,1,0,9
252.0,16.6,0,2.25,45135.0,29724.0,0,0,1.5184699232943075,12,0,0,0,0,1,0,0,17
221.0,21.8,0,4.81,36742.0,29352.0,0,0,1.2517715998909784,10,0,0,0,0,0,0,1,10
388.0,43.5,1,2.82,40243.0,35337.0,0,1,1.1388346492345134,6,0,0,0,1,0,0,0,15
119.0,26.3,0,1.15,76602.0,57682.0,0,1,1.3280052702749559,4,0,0,0,1,0,0,0,0
223.0,16.6,0,3.49,40243.0,23898.0,0,0,1.6839484475688342,9,0,0,0,0,0,0,1,18
116.0,19.5,0,0.95,40243.0,40870.0,1,0,0.9846586738438953,4,0,1,0,0,0,0,0,5
171.5,35.5,0,1.64,43698.0,27783.0,0,1,1.572832307526185,8,0,0,0,0,1,0,0,17
100.0,45.0,0,2.28,45436.0,40483.0,0,0,1.122347652100882,7,0,0,1,0,0,0,0,5
124.0,-7.3,0,2.18,40243.0,30652.0,0,0,1.3128996476575754,2,0,0,0,0,1,0,0,11
171.5,15.5,0,1.64,40243.0,19320.0,0,0,2.082971014492754,3,0,1,0,0,0,0,0,8
180.0,26.0,0,2.05,24736.0,19625.0,1,0,1.2604331210191082,3,0,0,0,0,0,1,0,8
176.0,18.1,0,2.11,26780.0,21177.0,0,0,1.2645794966236956,3,1,0,0,0,0,0,0,6
278.0,38.9,0,9.18,39554.0,26602.0,1,0,1.4868806856627321,6,0,0,0,1,0,0,0,10
222.0,14.5,0,2.59,44873.0,36371.0,1,0,1.2337576640730252,9,0,1,0,0,0,0,0,4
104.0,16.6,0,2.48,41350.0,30676.0,1,1,1.347959316729691,12,0,0,0,0,0,1,0,3
147.0,12.7,0,2.13,45593.0,31993.0,1,0,1.4250929890913637,4,0,0,0,0,0,0,1,9
323.0,11.0,0,2.82,37754.0,23219.0,0,0,1.6259959515913691,10,0,0,0,1,0,0,0,18
171.5,1.7,0,4.17,40243.0,16584.0,1,1,2.4266160154365655,10,1,0,0,0,0,0,0,8
110.0,14.1,0,2.25,46949.0,35189.0,0,0,1.3341953451362643,11,0,0,0,0,1,0,0,11
83.0,30.9,0,0.86,64010.0,30676.0,0,0,2.0866475420524186,9,1,0,0,0,0,0,0,14
308.0,17.9,1,8.52,41449.0,31269.0,1,0,1.3255620582685728,9,0,0,1,0,0,0,0,3
266.0,21.7,0,7.62,58838.0,42752.0,1,1,1.3762630988023952,9,0,0,1,0,0,0,0,14
240.0,17.3,0,4.75,27238.0,18746.0,0,0,1.4530033073722395,3,0,0,1,0,0,0,0,8
113.0,16.6,0,1.23,40243.0,31824.0,0,0,1.2645487682252388,12,0,0,0,0,1,0,0,17
88.0,30.8,0,2.76,59595.0,38273.0,1,1,1.557102918506519,8,0,0,0,0,0,0,1,7
225.0,15.9,0,5.74,23387.0,17602.0,0,0,1.328655834564254,10,0,0,0,1,0,0,0,8
265.0,33.5,0,6.04,72923.0,46111.0,0,0,1.5814664613649672,7,0,0,1,0,0,0,0,16
109.0,-4.7,0,1.44,30460.0,26039.0,0,0,1.169783785859672,12,0,0,0,0,0,0,1,18
171.5,9.3,0,4.2,48075.0,30676.0,1,1,1.567186073803625,5,0,0,0,0,0,1,0,5
171.5,21.2,0,3.47,33401.0,26882.0,1,0,1.2425042779555093,5,0,0,0,0,0,0,1,18
143.0,15.8,0,2.88,71105.0,52863.0,1,0,1.3450806802489454,10,1,0,0,0,0,0,0,16
161.0,-0.3,0,2.82,35854.0,32599.0,0,0,1.0998496886407558,1,0,0,0,0,0,0,1,11
114.0,14.8,0,1.82,33802.0,23551.0,0,0,1.435268141480192,3,1,0,0,0,0,0,0,6
72.0,20.5,0,1.64,39205.0,36122.0,0,0,1.085349648413709,5,1,0,0,0,0,0,0,15
220.0,30.1,0,2.82,42850.0,29119.0,0,0,1.4715477866684983,6,0,0,0,0,1,0,0,17
171.5,15.4,0,3.08,61067.0,47630.0,0,0,1.2821121142137308,3,0,1,0,0,0,0,0,16
212.0,-5.6,0,3.36,42741.0,33580.0,0,0,1.2728111971411555,2,0,0,0,0,1,0,0,4
224.0,12.5,0,2.82,51782.0,30676.0,0,1,1.688029730082149,5,0,1,0,0,0,0,0,14
219.0,-13.0,0,4.33,36255.0,27388.0,1,0,1.3237549291660582,2,0,0,0,0,0,1,0,1
170.0,-1.8,0,2.38,73620.0,30676.0,0,1,2.3999217629417133,2,0,0,0,0,1,0,0,0
171.5,31.9,0,5.32,36119.0,30292.0,1,0,1.1923610194110656,6,0,0,1,0,0,0,0,9
234.0,26.3,0,4.94,40166.0,30676.0,0,1,1.3093623679749642,11,0,0,0,0,0,0,1,12
260.0,16.6,0,5.81,55715.0,49315.0,0,1,1.1297779580249416,2,0,0,0,1,0,0,0,14
166.0,21.6,0,1.98,61966.0,30676.0,1,0,2.0200156474116575,3,0,0,1,0,0,0,0,16
227.0,16.6,0,4.83,38913.0,31899.0,0,0,1.2198815009874917,5,0,0,0,0,0,1,0,4
168.0,16.4,0,3.87,40243.0,27501.0,0,0,1.4633286062325006,10,1,0,0,0,0,0,0,12
337.0,16.6,1,12.26,39740.0,33452.0,1,0,1.1879708238670335,1,0,0,0,1,0,0,0,4
184.0,7.3,0,2.88,64944.0,46347.0,0,0,1.4012557447083953,11,0,0,1,0,0,0,0,16
195.0,22.7,0,1.92,45595.0,30676.0,0,0,1.4863411135741296,4,0,0,0,0,0,0,1,11
82.0,5.8,0,1.1,77688.0,57576.0,1,0,1.3493122134222593,12,0,0,0,0,1,0,0,0
189.0,-3.0,0,3.02,40243.0,30676.0,1,1,1.311872473594993,1,0,0,0,0,0,1,0,8
113.0,12.7,0,2.34,36236.0,27079.0,0,1,1.3381587207799401,9,1,0,0,0,0,0,0,1
182.0,21.2,0,4.15,39059.0,22620.0,0,0,1.7267462422634836,4,1,0,0,0,0,0,0,18
239.0,9.6,0,4.19,28791.0,23978.0,1,0,1.2007256651930938,10,0,0,0,1,0,0,0,19
100.0,31.6,0,1.34,47027.0,32564.0,0,1,1.4441407689473038,6,1,0,0,0,0,0,0,15
100.0,16.6,0,1.5,68664.0,53594.0,0,0,1.281188192708139,10,0,1,0,0,0,0,0,0
79.0,37.1,0,1.63,38606.0,29794.0,0,1,1.2957642478351346,8,0,0,0,0,1,0,0,9
168.0,38.3,0,2.82,40243.0,25513.0,0,1,1.5773527221416532,7,0,0,0,0,1,0,0,1
235.0,8.7,0,2.82,40243.0,26726.0,1,0,1.5057621791513882,11,0,1,0,0,0,0,0,10
261.0,-5.7,0,3.38,30301.0,19801.0,1,0,1.5302762486743093,2,0,0,0,1,0,0,0,19
99.0,10.7,0,2.89,36814.0,30324.0,0,1,1.2140218968473817,3,0,0,0,1,0,0,0,1
68.0,38.8,0,1.23,40243.0,31144.0,1,1,1.292159003339327,7,1,0,0,0,0,0,0,17
103.0,16.6,0,1.77,34082.0,29802.0,1,1,1.1436145225152674,2,0,0,1,0,0,0,0,17
180.0,21.9,0,2.82,40243.0,48302.0,1,0,0.8331539066705312,11,0,0,1,0,0,0,0,16
182.0,15.6,0,5.17,70812.0,60136.0,1,1,1.1775309298922443,4,0,0,0,1,0,0,0,0
65.0,38.1,0,1.66,33489.0,21344.0,0,0,1.5690123688155921,8,1,0,0,0,0,0,0,6
76.0,1.6,0,1.43,40243.0,27542.0,0,0,1.4611502432648318,1,0,1,0,0,0,0,0,12
133.0,18.4,0,2.56,38647.0,26159.0,0,1,1.4773882793684774,9,0,1,0,0,0,0,0,1
287.0,11.4,0,6.21,38906.0,26460.0,0,0,1.4703703703703703,3,0,0,0,1,0,0,0,12
116.0,-2.2,0,2.02,28399.0,19451.0,0,0,1.4600277620687883,12,0,1,0,0,0,0,0,8
79.0,13.2,0,1.57,35702.0,27168.0,0,0,1.3141195524146054,11,0,0,0,0,0,1,0,12
87.0,29.5,0,1.08,69407.0,55386.0,0,0,1.2531506156790524,3,0,0,0,1,0,0,0,0
167.0,21.9,0,2.56,40243.0,27637.0,0,0,1.4561276549553135,5,0,0,0,0,1,0,0,2
206.0,38.4,0,3.66,39979.0,33867.0,0,0,1.1804706646588123,6,1,0,0,0,0,0,0,15
228.0,21.4,0,2.27,40243.0,23877.0,0,0,1.6854294928173557,3,1,0,0,0,0,0,0,6
431.0,-1.3,1,16.17,34535.0,27217.0,0,1,1.2688760701032442,2,0,0,0,1,0,0,0,9
171.5,19.6,0,2.9,30727.0,30224.0,1,1,1.016642403388036,3,0,0,0,0,0,0,1,12
143.0,11.1,0,2.5,58545.0,41410.0,0,0,1.4137889398695966,11,0,0,0,0,0,0,1,7
161.0,-10.5,0,1.38,72066.0,54495.0,0,0,1.3224332507569503,12,1,0,0,0,0,0,0,16
154.0,33.9,0,3.17,80471.0,52758.0,1,0,1.525285264793965,8,0,0,0,0,0,1,0,0
171.5,15.5,0,1.65,46042.0,35004.0,0,0,1.3153353902411153,10,0,1,0,0,0,0,0,4
201.0,-6.4,0,2.82,47326.0,35286.0,1,0,1.3412118120501049,2,0,1,0,0,0,0,0,4
219.0,16.6,0,4.79,40147.0,26372.0,1,0,1.5223342939481268,10,0,0,0,1,0,0,0,12
133.0,-15.0,0,3.03,15114.0,10056.0,0,0,1.5029832935560858,2,0,0,0,0,0,1,0,13
102.0,-2.2,0,0.84,34128.0,29635.0,0,0,1.1516112704572297,12,0,0,1,0,0,0,0,9
237.0,16.6,0,3.66,42668.0,31525.0,1,1,1.3534655035685963,12,0,0,0,0,0,0,1,4
129.0,16.6,0,1.74,37279.0,30676.0,1,0,1.2152497066110315,5,0,0,1,0,0,0,0,10
90.0,36.6,0,2.8,14866.0,10538.0,1,0,1.4107041184285443,7,0,1,0,0,0,0,0,13
185.0,18.0,0,2.51,27842.0,18916.0,0,1,1.4718756608162402,9,1,0,0,0,0,0,0,8
216.0,20.0,0,4.26,35895.0,30597.0,0,0,1.1731542308069418,5,1,0,0,0,0,0,0,11
271.0,-1.0,0,3.23,16709.0,10021.0,1,0,1.6673984632272227,12,0,0,1,0,0,0,0,13
101.0,19.3,0,0.81,36579.0,26552.0,0,0,1.3776363362458572,4,0,0,0,0,1,0,0,10
215.0,12.7,0,2.82,27818.0,23859.0,1,1,1.1659331908294563,10,0,0,0,0,0,0,1,19
342.0,13.7,1,2.82,28303.0,16497.0,1,0,1.7156452688367583,9,0,0,0,0,1,0,0,8
266.0,-2.6,1,8.25,40148.0,25525.0,0,0,1.5728893241919686,12,0,0,0,0,0,1,0,1
266.0,20.2,1,8.81,38406.0,29882.0,0,0,1.2852553376614684,5,0,0,0,0,0,0,1,1
258.0,16.6,0,7.32,68488.0,30676.0,0,0,2.2326248533055155,7,0,0,1,0,0,0,0,0
171.5,-6.0,0,2.22,40243.0,30645.0,0,0,1.3131995431554904,2,0,1,0,0,0,0,0,10
238.0,27.5,0,5.02,46803.0,31495.0,0,0,1.486045404032386,5,0,1,0,0,0,0,0,11
239.0,11.8,0,5.04,21407.0,17336.0,0,1,1.234829257037379,5,0,0,1,0,0,0,0,8
181.0,-2.3,0,2.82,39667.0,32280.0,0,0,1.2288413878562578,1,0,1,0,0,0,0,0,2
171.5,16.6,0,2.82,38926.0,30033.0,1,1,1.2961076149568809,1,0,0,0,1,0,0,0,10
200.0,16.6,0,2.82,45067.0,29555.0,0,0,1.5248519709017088,4,0,0,1,0,0,0,0,2
212.0,26.2,0,3.48,15167.0,9407.0,1,0,1.6123099819283513,8,0,1,0,0,0,0,0,13
171.5,33.8,1,2.82,40243.0,30676.0,0,0,1.311872473594993,7,0,0,0,0,0,1,0,3
83.0,2.9,0,0.7,44125.0,29761.0,0,0,1.4826450724102012,2,0,1,0,0,0,0,0,2
170.0,16.6,0,2.23,40243.0,33151.0,0,0,1.2139301981840669,12,0,0,0,0,0,0,1,3
171.5,16.6,0,1.91,25699.0,17040.0,0,0,1.508157276995305,6,0,0,0,0,1,0,0,8
302.0,-15.0,0,3.42,66542.0,47452.0,1,0,1.4023012728652111,2,0,0,0,1,0,0,0,14
171.5,20.7,0,4.28,15868.0,30676.0,0,0,0.517277350371626,4,0,0,0,0,0,1,0,13
105.0,-7.2,0,1.42,40243.0,33777.0,1,0,1.1914320395535423,12,1,0,0,0,0,0,0,15
128.0,32.7,0,2.82,40465.0,30676.0,1,1,1.3191094014865041,6,0,0,0,0,1,0,0,15
107.0,6.1,0,2.82,42474.0,27682.0,0,0,1.5343544541579366,2,0,0,0,0,1,0,0,10
171.5,16.1,0,3.35,52535.0,39828.0,1,0,1.319046901677212,11,0,1,0,0,0,0,0,7
172.0,15.5,0,1.47,53432.0,37554.0,0,0,1.422804494860734,9,1,0,0,0,0,0,0,5
171.5,-1.6,0,1.93,37774.0,28835.0,1,0,1.3100052020114443,12,0,0,0,0,0,1,0,11
148.0,20.5,0,2.85,43556.0,30572.0,0,0,1.4247023420122988,11,0,0,0,1,0,0,0,2
319.0,16.9,0,7.53,45726.0,35208.0,0,0,1.2987389229720518,3,0,0,0,1,0,0,0,15
133.0,16.6,0,2.51,35377.0,27288.0,0,0,1.29643066549399,3,1,0,0,0,0,0,0,9
143.0,-3.0,0,1.35,40243.0,27662.0,0,1,1.4548116549779482,2,0,0,0,0,1,0,0,2
302.0,29.3,0,3.61,35886.0,34182.0,0,0,1.0498507986659646,6,0,0,0,1,0,0,0,3
393.0,25.9,1,6.67,36933.0,29967.0,0,0,1.2324557012713986,8,0,0,1,0,0,0,0,1
220.0,16.6,0,5.44,40475.0,31495.0,0,1,1.2851246229560247,1,0,0,0,1,0,0,0,4
132.0,-7.3,0,3.95,40431.0,32004.0,1,0,1.263310836145482,2,0,0,0,1,0,0,0,4
199.0,16.6,0,3.53,33082.0,20805.0,0,0,1.5900985340062486,2,0,0,0,1,0,0,0,19
171.5,-12.9,0,2.15,40243.0,45859.0,0,0,0.8775376698139951,12,0,1,0,0,0,0,0,14
249.0,40.7,0,6.6,34096.0,31551.0,0,1,1.0806630534689867,7,0,0,1,0,0,0,0,2
89.0,11.5,0,1.13,13196.0,9802.0,1,0,1.3462558661497654,9,0,1,0,0,0,0,0,13
133.0,33.4,0,2.71,43734.0,30694.0,1,0,1.424838730696553,7,0,0,0,0,0,1,0,11
129.0,11.9,0,0.96,72319.0,49154.0,0,1,1.4712739553240834,9,1,0,0,0,0,0,0,16
140.0,13.5,0,3.43,33891.0,22911.0,1,1,1.4792457771376195,9,0,0,0,0,1,0,0,19
204.0,35.9,0,4.12,40243.0,9972.0,0,0,4.035599679101484,7,0,1,0,0,0,0,0,13
127.0,-9.9,0,2.3,42264.0,31920.0,0,0,1.32406015037594,1,0,1,0,0,0,0,0,11
246.0,16.6,0,2.58,33002.0,30676.0,1,0,1.075824748989438,1,1,0,0,0,0,0,0,12
187.0,16.6,0,2.09,34646.0,27073.0,0,0,1.279725187456137,2,0,0,0,0,0,1,0,9
100.0,17.5,0,1.84,38579.0,25415.0,1,0,1.5179618335628566,5,0,0,0,0,0,0,1,12
120.0,20.7,0,2.82,29705.0,21106.0,0,1,1.4074196910831043,3,0,1,0,0,0,0,0,6
210.0,6.1,0,2.82,36001.0,33691.0,0,0,1.068564305007272,3,0,0,0,0,0,0,1,11
154.0,16.6,0,3.95,43980.0,29779.0,1,0,1.476879680311629,11,0,0,0,1,0,0,0,2
191.0,9.7,0,2.32,27603.0,17315.0,0,1,1.5941669073058042,10,0,0,1,0,0,0,0,8
215.0,7.7,0,6.01,68926.0,53723.0,1,1,1.2829886640731158,10,0,0,0,1,0,0,0,0
108.0,36.0,0,1.47,70427.0,54412.0,0,0,1.294328456958024,7,1,0,0,0,0,0,0,16
197.0,16.6,0,3.78,37760.0,28556.0,0,0,1.322314049586777,10,0,0,0,0,1,0,0,1
171.5,16.6,0,1.24,40243.0,52553.0,0,0,0.7657602800981866,1,0,0,1,0,0,0,0,0
171.5,35.0,0,2.77,44314.0,29354.0,0,0,1.5096409347959392,8,0,0,0,0,0,1,0,17
151.0,5.3,0,2.19,40531.0,32854.0,0,0,1.2336701771473793,12,0,1,0,0,0,0,0,17
197.0,2.3,0,2.82,40293.0,30194.0,0,0,1.3344704245876664,10,0,0,1,0,0,0,0,11
170.0,34.6,0,4.81,69173.0,57971.0,1,0,1.193234548308637,6,0,0,0,1,0,0,0,0
230.0,31.1,0,3.08,40243.0,30676.0,0,0,1.311872473594993,6,0,0,0,0,0,0,1,5
128.0,17.4,0,2.08,43408.0,35660.0,0,0,1.217274256870443,3,0,0,0,0,0,1,0,15
228.0,35.3,0,7.85,28814.0,24107.0,0,1,1.1952544903969802,8,0,0,0,1,0,0,0,19
79.0,-5.8,0,0.8,35364.0,28719.0,1,0,1.2313799226992583,2,0,0,0,0,0,0,1,1
112.0,15.2,0,2.49,36964.0,32856.0,0,0,1.1250304358412466,5,0,0,0,0,1,0,0,11
173.0,16.6,0,3.29,59969.0,40968.0,0,0,1.4638010154266745,12,1,0,0,0,0,0,0,7
171.5,16.6,0,2.01,40243.0,48090.0,1,0,0.8368267831149927,4,1,0,0,0,0,0,0,14
299.0,-1.9,0,3.37,36506.0,25958.0,0,1,1.4063487171584867,1,0,0,0,1,0,0,0,10
231.0,4.6,0,2.88,16737.0,10791.0,0,0,1.551014734500973,11,0,0,0,0,0,1,0,13
215.0,10.6,0,1.85,85276.0,55673.0,0,1,1.5317299229428987,10,0,0,0,0,1,0,0,0
173.0,0.0,0,2.99,73087.0,30676.0,0,1,2.3825466162472293,1,0,0,0,1,0,0,0,16
201.0,26.3,0,2.77,27892.0,22642.0,0,1,1.2318699761505167,6,1,0,0,0,0,0,0,6
171.5,26.4,0,2.54,49837.0,36345.0,1,0,1.3712202503783189,4,0,0,0,0,0,1,0,4
163.0,11.4,0,2.2,70009.0,52914.0,0,0,1.323071398873644,5,0,0,1,0,0,0,0,0
171.5,16.6,0,2.82,75120.0,60087.0,1,1,1.250187228518648,11,0,0,0,1,0,0,0,0
220.0,39.4,0,3.79,41975.0,33463.0,0,0,1.2543704987598243,8,0,0,0,1,0,0,0,4
111.0,25.9,0,1.28,44592.0,34688.0,1,0,1.2855166051660516,6,0,0,0,0,1,0,0,15
171.5,21.6,0,2.59,47962.0,40677.0,1,0,1.1790938368119577,5,0,0,0,1,0,0,0,5
178.0,39.3,0,2.02,59264.0,30676.0,0,0,1.9319337592906507,8,0,0,0,0,1,0,0,16
171.5,35.1,0,2.76,50338.0,40607.0,0,1,1.2396384859753244,7,0,0,0,0,0,1,0,7
100.0,31.6,0,1.34,40243.0,32564.0,0,1,1.2358125537403268,6,1,0,0,0,0,0,0,15
81.0,3.3,0,1.07,58340.0,30676.0,0,1,1.9018124918503063,1,0,0,0,0,0,1,0,14
186.0,43.0,0,2.82,37275.0,27014.0,1,0,1.3798400829199675,7,0,1,0,0,0,0,0,9
137.0,16.6,1,5.92,41703.0,34257.0,0,1,1.217357036518084,8,1,0,0,0,0,0,0,3
179.0,-8.1,0,1.97,70796.0,54274.0,0,0,1.304418321848399,2,0,0,0,0,0,1,0,0
233.0,3.9,0,3.63,57677.0,47449.0,0,0,1.2155577567493518,2,0,0,0,1,0,0,0,14
148.0,21.5,0,1.94,27073.0,23565.0,0,0,1.1488648419265861,3,0,0,0,0,0,1,0,19
171.5,38.8,0,5.35,12792.0,10617.0,1,0,1.2048601299802204,7,0,0,1,0,0,0,0,13
301.0,16.6,0,3.89,62303.0,46568.0,1,1,1.3378929737158565,2,0,0,1,0,0,0,0,14
91.0,-1.9,0,2.82,40243.0,39008.0,1,0,1.0316601722723544,1,0,0,0,0,0,1,0,7
107.0,17.3,0,2.64,59336.0,41918.0,1,1,1.4155255498831052,11,0,1,0,0,0,0,0,14
214.0,22.0,0,4.28,40243.0,27296.0,0,0,1.4743185814771396,6,0,1,0,0,0,0,0,2
177.0,-6.3,0,3.14,28464.0,18802.0,1,0,1.5138815019678757,2,0,1,0,0,0,0,0,8
229.0,29.0,0,4.41,32244.0,22316.0,0,0,1.4448825954472129,5,0,0,0,1,0,0,0,19
132.0,23.5,0,1.12,35139.0,32993.0,1,0,1.0650441002636923,9,0,0,0,0,1,0,0,2
143.0,-4.4,0,2.51,53692.0,43736.0,0,0,1.227638558624474,1,0,0,1,0,0,0,0,7
205.0,34.0,0,4.09,27019.0,30676.0,0,0,0.8807862824357804,7,0,0,1,0,0,0,0,6
262.0,2.0,0,3.55,37423.0,26074.0,0,0,1.4352611797192605,1,0,0,0,1,0,0,0,12
218.0,8.2,0,2.25,40243.0,35690.0,1,0,1.1275707481087138,10,0,0,0,0,1,0,0,15
91.0,13.5,0,1.79,39752.0,29645.0,0,1,1.3409343902850397,10,0,0,1,0,0,0,0,11
104.0,18.1,0,2.01,62819.0,42663.0,0,0,1.4724468509012494,4,0,0,0,0,0,0,1,14
231.0,2.4,0,5.07,42558.0,27149.0,1,0,1.5675715495966702,2,1,0,0,0,0,0,0,10
171.5,16.6,0,2.82,36209.0,32042.0,0,0,1.1300480619187316,10,0,1,0,0,0,0,0,2
168.0,7.6,0,2.03,45388.0,35162.0,0,0,1.2908253227916502,5,0,0,0,0,0,1,0,3
171.0,16.6,0,3.02,40243.0,60173.0,0,0,0.6687883269905107,1,0,1,0,0,0,0,0,0
115.0,2.1,0,2.05,48227.0,41443.0,0,0,1.163694713220568,2,0,0,0,0,0,1,0,7
231.0,13.6,0,1.87,34009.0,32953.0,0,0,1.032045640761084,9,1,0,0,0,0,0,0,2
141.0,18.1,0,2.02,40243.0,27086.0,0,0,1.4857490954736765,10,0,0,1,0,0,0,0,10
165.0,1.4,0,3.41,22398.0,16235.0,0,0,1.3796119494918386,1,0,0,0,0,0,0,1,8
167.0,22.6,0,1.33,50961.0,38251.0,0,0,1.3322788946694204,9,0,0,0,0,1,0,0,5
169.0,-1.2,0,4.92,40243.0,30676.0,0,1,1.311872473594993,12,0,0,0,1,0,0,0,9
178.0,33.4,0,4.68,34596.0,26685.0,1,0,1.2964586846543003,7,0,0,1,0,0,0,0,10
171.5,14.9,0,0.71,49210.0,36093.0,0,0,1.3634222702463081,5,0,0,0,0,0,0,1,4
112.0,16.6,0,1.45,29309.0,30676.0,1,0,0.9554374755509193,6,0,0,0,0,1,0,0,19
169.0,36.6,0,1.89,47407.0,31278.0,1,0,1.515665963296886,8,0,0,0,0,0,0,1,11
153.0,18.6,0,1.63,47411.0,33462.0,1,0,1.4168609168609168,3,0,0,0,0,0,1,0,4
183.0,19.3,0,2.61,55634.0,46351.0,0,0,1.2002761536967919,9,0,0,0,1,0,0,0,16
130.0,26.2,0,2.51,40243.0,19354.0,0,0,2.079311770176708,7,1,0,0,0,0,0,0,8
241.0,24.6,0,3.85,55441.0,35438.0,1,1,1.564450589762402,6,0,0,0,1,0,0,0,5
149.0,18.2,0,2.82,65207.0,40780.0,0,0,1.5989946051986268,5,0,0,0,0,1,0,0,14
227.0,32.0,0,4.94,65297.0,30676.0,1,0,2.1286021645586124,8,0,0,0,0,0,1,0,16
214.0,-8.1,0,4.7,52010.0,38230.0,0,0,1.3604499084488622,1,0,0,1,0,0,0,0,7
76.0,24.9,0,1.74,44453.0,30676.0,0,1,1.4491133133394185,4,1,0,0,0,0,0,0,15
121.0,0.3,0,1.4,41248.0,30676.0,0,0,1.3446342417525101,2,1,0,0,0,0,0,0,2
298.0,-0.4,0,3.3,40243.0,30676.0,0,0,1.311872473594993,12,0,0,0,1,0,0,0,17
163.0,16.6,0,2.82,40632.0,27688.0,0,0,1.4674949436579023,4,0,0,0,1,0,0,0,17
220.0,22.5,0,3.17,35882.0,32478.0,1,0,1.1048094094463945,4,0,1,0,0,0,0,0,3
250.0,32.3,0,3.31,83454.0,60927.0,0,0,1.3697375547786697,7,0,0,0,0,1,0,0,0
171.5,0.4,0,3.07,37827.0,31748.0,0,0,1.1914766284490361,12,0,0,0,0,1,0,0,3
123.0,14.9,0,0.89,50135.0,41736.0,0,0,1.201241134751773,4,0,0,0,0,0,0,1,5
189.0,13.5,0,4.23,42467.0,26808.0,0,0,1.5841166815875858,3,0,0,0,1,0,0,0,10
71.0,2.6,0,2.03,13942.0,10072.0,0,1,1.3842335186656076,11,0,0,0,0,0,0,1,13
155.0,34.0,0,2.14,40243.0,40373.0,0,0,0.9967800262551705,7,1,0,0,0,0,0,0,7
151.0,15.0,0,2.55,29875.0,25982.0,1,0,1.1498345008082518,9,0,0,0,0,1,0,0,12
171.5,7.4,0,5.16,44466.0,29112.0,1,0,1.527411376751855,5,0,0,0,0,1,0,0,11
259.0,-5.7,0,3.66,40243.0,30332.0,0,0,1.3267506264011606,12,0,0,0,1,0,0,0,3
162.0,2.2,0,1.67,30333.0,23043.0,1,0,1.316365056633251,1,0,0,0,0,0,1,0,19
102.0,32.5,0,1.79,42131.0,28036.0,1,1,1.5027464688257954,7,1,0,0,0,0,0,0,2
134.0,11.6,0,2.49,48870.0,35835.0,0,0,1.3637505232314775,10,0,0,0,0,0,1,0,4
77.0,35.1,0,0.61,40243.0,40326.0,0,0,0.9979417745375192,8,0,0,0,0,0,1,0,5
171.5,15.7,0,1.98,16536.0,9862.0,1,0,1.6767389981748124,4,0,1,0,0,0,0,0,13
198.0,36.1,0,5.41,26093.0,16361.0,0,0,1.5948291669213372,6,1,0,0,0,0,0,0,8
134.0,16.6,0,2.96,38505.0,35604.0,0,0,1.081479609032693,5,1,0,0,0,0,0,0,4
207.0,9.3,0,2.82,36279.0,25506.0,0,0,1.4223712067748766,1,0,0,0,0,0,1,0,18
102.0,33.4,0,1.53,40243.0,22628.0,0,0,1.7784603146544105,7,0,0,0,0,1,0,0,6
129.0,36.9,0,3.91,56704.0,47779.0,0,1,1.1867975470394942,8,0,0,0,1,0,0,0,14
171.5,15.7,0,3.32,66547.0,54685.0,0,1,1.2169150589741244,9,1,0,0,0,0,0,0,0
131.0,40.3,0,1.82,71466.0,63438.0,0,0,1.1265487562659604,6,0,0,0,1,0,0,0,0
86.0,15.6,0,1.45,49172.0,38069.0,0,0,1.291654627124432,3,0,0,0,0,1,0,0,15
73.0,38.1,0,0.81,48167.0,30676.0,0,0,1.570185161037945,6,0,0,0,0,0,1,0,7
171.5,22.0,0,2.82,35595.0,29334.0,0,0,1.213438330947024,11,1,0,0,0,0,0,0,12
95.0,17.2,0,2.82,43220.0,30676.0,0,0,1.4089190246446734,5,0,0,0,0,0,1,0,10
196.0,16.6,0,3.48,38170.0,26155.0,1,0,1.459376792200344,8,0,0,0,0,0,1,0,10
217.0,-0.6,0,2.65,26441.0,23419.0,0,0,1.129040522652547,1,0,0,0,0,0,1,0,6
109.0,5.8,0,1.2,71238.0,47286.0,0,0,1.5065347037178023,1,0,0,0,0,0,1,0,16
117.0,40.9,0,2.73,46363.0,33486.0,1,1,1.3845487666487488,8,0,1,0,0,0,0,0,3
354.0,13.2,1,11.19,55184.0,36172.0,0,1,1.525599911533783,3,0,0,0,0,0,0,1,5
210.0,24.1,0,2.13,49629.0,33632.0,1,0,1.4756481921979068,5,0,0,0,0,0,0,1,4
79.0,24.9,0,1.2,73873.0,49967.0,0,1,1.4784357676066204,4,1,0,0,0,0,0,0,16
194.0,18.7,0,4.32,30860.0,26756.0,0,0,1.1533861563761398,3,0,0,1,0,0,0,0,12
141.0,5.0,0,1.67,36697.0,30676.0,0,0,1.1962772199765288,12,0,0,0,0,0,0,1,11
157.0,44.4,0,2.66,21559.0,17102.0,0,0,1.2606127938252836,6,0,0,0,0,1,0,0,8
158.0,18.9,0,2.53,40243.0,18491.0,0,0,2.1763560651127576,3,1,0,0,0,0,0,0,8
110.0,34.1,0,2.11,58908.0,45047.0,0,0,1.307700845783293,8,0,0,0,0,0,0,1,7
171.0,36.9,0,4.59,47413.0,41215.0,0,0,1.1503821424238747,7,0,0,0,1,0,0,0,5
62.0,31.5,0,2.82,34905.0,27997.0,1,0,1.2467407222202378,6,0,0,0,0,0,1,0,17
127.0,22.7,0,2.24,13985.0,10757.0,0,0,1.3000836664497537,10,0,0,0,1,0,0,0,13
232.0,9.6,0,2.08,41737.0,29370.0,0,0,1.421075927817501,10,0,0,0,1,0,0,0,2
202.0,8.2,0,4.71,48023.0,39227.0,1,0,1.224233308690443,4,0,0,0,0,1,0,0,7
155.0,16.6,0,3.46,63341.0,52127.0,0,1,1.2151284363189903,3,1,0,0,0,0,0,0,16
194.0,22.1,0,2.82,31149.0,20644.0,0,0,1.5088645611315636,11,0,0,0,0,1,0,0,6
270.0,-1.3,0,2.82,44127.0,33911.0,0,0,1.301259178437675,1,0,0,0,1,0,0,0,11
241.0,21.6,0,2.45,33883.0,23797.0,1,0,1.423834937176955,11,0,0,0,0,0,0,1,19
157.0,-1.2,0,2.22,40786.0,31335.0,0,0,1.3016116164033829,2,1,0,0,0,0,0,0,3
187.0,35.5,0,3.52,40717.0,31981.0,0,1,1.2731621900503425,6,0,0,0,0,1,0,0,3
109.0,15.2,0,1.44,29527.0,20248.0,0,0,1.458267483208218,9,0,1,0,0,0,0,0,19
214.0,39.8,0,3.2,43528.0,30720.0,0,0,1.4169270833333334,6,0,0,0,0,0,0,1,17
161.0,8.7,0,2.24,36213.0,32581.0,0,0,1.1114760136275743,5,0,0,0,0,1,0,0,3
216.0,10.7,0,1.92,65243.0,30676.0,1,0,2.1268418307471637,3,0,1,0,0,0,0,0,14
91.0,17.0,0,1.05,56092.0,34621.0,0,1,1.6201727275353108,3,0,0,0,0,1,0,0,5
228.0,18.7,0,4.42,63103.0,42028.0,1,0,1.5014514133434853,5,0,0,0,1,0,0,0,14
242.0,32.6,0,6.45,40243.0,62681.0,1,0,0.6420286849284472,7,0,1,0,0,0,0,0,0
106.0,2.8,0,1.64,47897.0,33298.0,0,0,1.438434740825275,1,0,0,0,0,0,1,0,3
171.5,14.2,0,3.84,44178.0,36359.0,1,1,1.2150499188646553,11,0,0,1,0,0,0,0,4
248.0,-0.2,0,2.62,74001.0,30676.0,0,0,2.4123418959447123,12,0,0,0,0,0,1,0,16
125.0,19.1,0,1.92,41859.0,30676.0,0,1,1.364552092841309,4,0,1,0,0,0,0,0,17
97.0,18.8,0,1.51,38441.0,27426.0,0,0,1.4016261941223656,5,0,0,0,0,0,1,0,9
208.0,10.8,0,4.71,55752.0,51035.0,0,0,1.0924267659449398,9,0,0,0,1,0,0,0,16
176.0,19.0,0,3.59,45917.0,31549.0,0,1,1.4554185552632413,9,0,0,0,0,1,0,0,2
77.0,-5.0,0,0.9,30104.0,19823.0,0,0,1.5186399636785552,12,1,0,0,0,0,0,0,19
255.0,19.5,0,3.63,68530.0,42240.0,0,0,1.6223958333333333,3,0,0,1,0,0,0,0,14
179.0,-1.4,0,1.35,37676.0,26473.0,0,1,1.423185887508027,12,1,0,0,0,0,0,0,10
171.5,14.6,0,2.99,46325.0,32397.0,0,1,1.4299163502793468,5,0,1,0,0,0,0,0,4
173.0,8.9,0,2.7,25765.0,21366.0,0,1,1.2058878592155762,4,1,0,0,0,0,0,0,19
164.0,30.2,0,2.43,65379.0,41729.0,0,0,1.5667521388003547,8,0,0,0,0,1,0,0,14
256.0,14.3,1,2.82,22157.0,30676.0,0,0,0.7222910418568261,3,0,0,0,0,1,0,0,8
162.0,37.9,0,2.93,34027.0,25725.0,1,0,1.3227210884353742,7,0,1,0,0,0,0,0,10
234.0,20.5,0,4.0,37172.0,30676.0,0,0,1.21176163776242,5,0,0,0,0,0,0,1,11
144.0,44.0,0,2.74,28609.0,19556.0,0,0,1.462926978932297,7,1,0,0,0,0,0,0,8
102.0,37.5,0,1.01,56934.0,37452.0,0,1,1.5201858378724769,8,0,0,0,0,0,0,1,5
266.0,4.8,0,5.12,45710.0,29202.0,0,0,1.5653037463187454,9,0,0,0,1,0,0,0,17
208.0,16.6,0,6.13,40243.0,32819.0,0,0,1.2262104268868643,6,0,0,0,0,0,1,0,15
152.0,15.7,0,1.36,40243.0,30473.0,0,1,1.320611689036196,4,0,0,0,0,0,1,0,9
237.0,27.3,0,2.82,40243.0,40180.0,1,0,1.0015679442508711,8,0,0,1,0,0,0,0,5
467.0,-3.4,1,3.47,74728.0,54364.0,0,0,1.3745861231697447,12,0,0,0,1,0,0,0,0
165.0,31.3,0,4.18,32334.0,20235.0,0,0,1.5979243884358785,7,1,0,0,0,0,0,0,19
151.0,21.3,1,5.57,22856.0,17427.0,0,0,1.3115280885981524,3,0,0,0,0,1,0,0,8
171.5,22.9,0,2.76,34791.0,27920.0,0,0,1.246095988538682,5,0,0,0,0,0,0,1,12
156.0,1.7,0,2.01,27147.0,16521.0,0,0,1.6431814054839295,12,0,0,0,1,0,0,0,8
83.0,40.6,0,2.69,45970.0,29961.0,0,1,1.5343279596809185,6,0,0,0,1,0,0,0,9
145.0,16.6,0,2.66,40243.0,32150.0,0,0,1.2517262830482114,5,0,0,0,0,1,0,0,2
196.0,19.4,0,4.13,40243.0,29227.0,0,0,1.3769117596742737,4,0,0,0,1,0,0,0,3
194.0,18.6,0,4.06,61684.0,41157.0,1,0,1.4987486940253176,11,0,0,0,0,0,1,0,14
266.0,27.9,0,2.58,58765.0,40889.0,0,0,1.4371835946097973,7,0,0,1,0,0,0,0,7
216.0,21.6,0,4.52,40118.0,30007.0,0,0,1.3369547105675343,4,0,0,0,0,0,0,1,17
171.5,16.0,0,2.29,49211.0,36496.0,1,0,1.348394344585708,3,0,0,0,0,0,1,0,4
163.0,8.5,0,1.57,58201.0,39335.0,1,0,1.479623744756578,9,0,0,0,1,0,0,0,7
222.0,-7.0,0,4.3,40243.0,35715.0,1,0,1.1267814643707126,2,1,0,0,0,0,0,0,15
171.5,16.6,0,2.82,38244.0,29572.0,0,0,1.2932503719734885,6,0,0,0,0,0,1,0,12
188.0,14.3,0,2.78,12859.0,10290.0,1,0,1.2496598639455783,11,0,1,0,0,0,0,0,13
147.0,15.6,0,1.54,84032.0,58666.0,0,0,1.432379913408107,10,0,0,0,0,1,0,0,0
171.5,26.7,0,5.35,39727.0,29860.0,0,0,1.3304420629604823,10,0,0,0,0,0,0,1,1
121.0,16.6,0,2.23,33934.0,22595.0,0,0,1.5018366895330826,5,0,1,0,0,0,0,0,18
249.0,0.2,0,6.64,16221.0,30676.0,1,1,0.5287847176946147,1,0,0,0,0,1,0,0,13
93.0,45.0,0,1.13,74348.0,54312.0,0,0,1.3689055825600236,6,0,0,0,0,0,0,1,0
240.0,-8.6,0,2.65,36144.0,29506.0,0,0,1.2249711922998712,1,0,0,0,1,0,0,0,12
132.0,9.5,0,2.28,26133.0,16997.0,0,0,1.537506618815085,5,1,0,0,0,0,0,0,8
230.0,40.5,0,8.08,44616.0,35025.0,1,0,1.2738329764453962,6,0,0,1,0,0,0,0,3
171.5,-9.7,0,3.27,39464.0,34431.0,0,0,1.1461764107925998,1,0,1,0,0,0,0,0,4
171.5,16.6,0,1.88,35149.0,30676.0,0,0,1.1458143173816664,5,1,0,0,0,0,0,0,1
224.0,16.6,0,2.51,40243.0,26893.0,1,1,1.49641170564831,3,0,0,0,0,1,0,0,1
173.0,35.3,0,3.49,35898.0,31730.0,1,0,1.1313583359596597,8,0,0,1,0,0,0,0,3
191.0,-1.3,0,2.82,33916.0,27614.0,0,0,1.2282175707974217,1,1,0,0,0,0,0,0,12
248.0,9.5,0,6.21,22879.0,18770.0,0,0,1.2189131592967501,4,1,0,0,0,0,0,0,8
223.0,16.6,0,4.77,32780.0,23321.0,0,0,1.405600102911539,5,0,1,0,0,0,0,0,6
172.0,22.2,0,2.51,66570.0,56108.0,0,0,1.1864618236258644,4,0,0,1,0,0,0,0,0
133.0,38.7,0,2.88,61022.0,48925.0,0,0,1.2472560040878897,6,0,0,1,0,0,0,0,14
95.0,42.5,0,1.77,56837.0,49069.0,1,0,1.1583076891723898,6,0,1,0,0,0,0,0,14
199.0,11.7,0,1.65,41386.0,27771.0,0,0,1.490259623348097,11,0,0,0,0,1,0,0,9
171.5,-0.5,0,2.82,33185.0,30676.0,1,1,1.0817903246837919,12,0,0,1,0,0,0,0,1
203.0,32.1,0,2.32,40243.0,29192.0,0,0,1.3785626198958618,7,0,0,0,0,1,0,0,1
170.0,12.6,0,1.76,45788.0,28188.0,1,0,1.6243791684404711,10,0,1,0,0,0,0,0,2
314.0,7.4,0,3.86,46266.0,34514.0,0,0,1.3404995074462538,12,0,0,1,0,0,0,0,4
171.5,20.4,0,2.82,40493.0,27530.0,1,0,1.4708681438430802,3,1,0,0,0,0,0,0,2
171.5,29.7,0,6.31,39883.0,33041.0,1,0,1.207076057020066,6,0,0,1,0,0,0,0,3
186.0,16.6,0,2.82,14529.0,9349.0,0,0,1.554069954005776,9,0,0,0,1,0,0,0,13
73.0,16.6,0,0.74,30290.0,22356.0,0,0,1.3548935408838791,2,0,0,0,0,0,1,0,19
215.0,7.4,0,3.71,55139.0,41833.0,0,1,1.3180742476035665,12,0,1,0,0,0,0,0,14
193.0,18.1,0,2.09,66654.0,59542.0,0,0,1.11944509757818,9,0,0,0,0,1,0,0,0
226.0,17.1,0,3.29,30546.0,21916.0,0,0,1.3937762365395145,4,0,0,0,0,1,0,0,6
171.5,-2.9,0,2.36,53692.0,42854.0,0,0,1.2529052130489569,1,1,0,0,0,0,0,0,7
204.0,38.8,0,4.4,43222.0,26586.0,0,0,1.6257428721883698,7,0,0,0,0,1,0,0,10
98.0,37.2,0,1.38,30195.0,21307.0,0,0,1.417139907072793,7,0,0,0,0,0,1,0,19
118.0,42.4,0,1.83,46924.0,34706.0,1,0,1.352042874430934,8,0,0,0,0,1,0,0,15
102.0,32.9,0,0.94,53220.0,38515.0,0,0,1.3817992989744254,8,0,0,0,0,1,0,0,5
179.0,35.5,0,2.82,40243.0,32507.0,0,0,1.2379795121050852,6,1,0,0,0,0,0,0,11
171.5,-3.1,0,3.94,51743.0,37346.0,0,0,1.3855031328656349,12,0,0,0,0,0,0,1,15
84.0,37.6,0,2.24,46025.0,32752.0,0,0,1.4052576941866146,7,1,0,0,0,0,0,0,3
