date,food_item,meals_served,temp_c,is_holiday,day_of_week,waste_kg,checkout_price,base_price,emailer_for_promotion,homepage_featured
2023-04-06,Manti,,15.9,0,Thursday,4.24,25975.0,,1,0
2023-01-25,Plov,75.0,-1.6,0,Wednesday,0.67,35288.0,29819.0,1,0
2023-03-09,Shashlik,,16.9,0,Thursday,5.08,44425.0,34238.0,1,1
2023-02-28,Sushi Set,162.0,-4.9,0,Tuesday,,63113.0,47205.0,0,1
2023-11-01,Margherita Pizza,151.0,12.4,0,Wednesday,1.42,38194.0,27684.0,0,0
2023-05-10,Burger & Fries,164.0,29.3,0,Wednesday,1.47,36208.0,25824.0,0,0
2023-01-29,Pasta Carbonara,104.0,-2.4,0,Sunday,1.97,,29549.0,0,0
2023-06-16,Plov,100.0,38.4,0,Friday,2.42,34398.0,29300.0,0,0
2023-08-09,Caesar Salad,,,0,Wednesday,2.01,43986.0,,0,0
2023-09-29,Manti,135.0,22.0,0,Friday,3.74,24599.0,17196.0,1,0
2023-10-22,Lamb Kebab,245.0,11.9,0,Sunday,6.09,52935.0,44519.0,1,0
2023-04-21,Sushi Set,83.0,17.4,0,Friday,0.67,62254.0,53235.0,0,0
2023-10-08,Burger & Fries,232.0,,0,Sunday,3.28,34016.0,30422.0,1,0
2023-12-16,Vegetable Stir Fry,239.0,-5.0,0,Saturday,4.84,28208.0,23095.0,0,1
2023-12-04,Vegetable Stir Fry,141.0,,0,Monday,2.22,,21790.0,0,0
2023-08-13,Pasta Carbonara,163.0,41.0,0,Sunday,,39602.0,30348.0,1,0
2023-01-17,Seafood Paella,159.0,-0.0,0,Tuesday,3.57,52899.0,46647.0,0,1
2023-08-28,Vegetable Stir Fry,173.0,,0,Monday,2.58,29189.0,23495.0,0,0
2023-07-03,Beef Steak,127.0,36.1,0,Monday,2.81,73847.0,62793.0,0,0
2023-01-31,Caesar Salad,176.0,4.3,0,Tuesday,3.82,38560.0,,1,0
2023-03-27,Vegetable Stir Fry,126.0,20.8,0,Monday,2.21,31053.0,23539.0,0,0
2023-10-08,Fish and Chips,,,0,Sunday,3.75,44223.0,34999.0,0,0
2023-10-19,Burger & Fries,170.0,-0.2,0,Thursday,3.41,,29152.0,0,0
2023-06-03,Manti,167.0,45.0,0,Saturday,4.64,24241.0,18288.0,1,0
2023-07-24,Seafood Paella,191.0,,0,Monday,3.66,,44059.0,0,0
2023-08-26,Pasta Carbonara,122.0,,0,Saturday,2.51,40784.0,30933.0,0,1
2023-10-16,Seafood Paella,,18.9,0,Monday,3.66,68770.0,41853.0,0,1
2023-07-13,Burger & Fries,,38.3,0,Thursday,4.11,34172.0,25513.0,0,1
2023-08-04,Mushroom Risotto,146.0,,0,Friday,1.84,36981.0,29234.0,0,1
2023-10-29,Beef Steak,274.0,15.0,0,Sunday,4.22,76002.0,,0,0
2023-11-07,Fish and Chips,91.0,,0,Tuesday,1.46,39154.0,36690.0,0,0
2023-11-22,Caesar Salad,83.0,16.0,0,Wednesday,0.85,45301.0,30622.0,0,0
2023-05-18,Pasta Carbonara,219.0,4.1,0,Thursday,4.12,36729.0,,1,0
2023-08-22,Sushi Set,172.0,32.2,0,Tuesday,1.92,60291.0,48372.0,0,1
2023-01-13,Lagman,194.0,-6.7,0,Friday,3.31,,22260.0,0,1
2023-10-17,Mushroom Risotto,299.0,15.0,1,Tuesday,8.34,38257.0,26877.0,0,0
2023-12-26,Thai Green Curry,231.0,-4.0,0,Tuesday,4.07,,,0,0
2023-07-11,Tom Yum Soup,99.0,32.1,0,Tuesday,2.2,30216.0,23889.0,0,1
2023-10-31,Margherita Pizza,193.0,4.0,0,Tuesday,1.64,,31467.0,0,0
2023-03-18,Lagman,195.0,,0,Saturday,4.0,28945.0,,0,0
2023-05-18,Vegetable Stir Fry,261.0,,0,Thursday,2.56,33019.0,19864.0,0,0
2023-06-05,Lamb Kebab,183.0,,0,Monday,4.59,,,0,0
2023-07-10,Lagman,217.0,29.0,0,Monday,4.32,30951.0,,0,0
2023-06-13,Manti,142.0,30.1,0,Tuesday,1.95,25156.0,19210.0,0,0
2023-04-16,Grilled Chicken,,2.7,0,Sunday,5.32,50938.0,40015.0,1,0
2023-04-30,Seafood Paella,329.0,19.2,0,Sunday,2.9,68822.0,46584.0,0,0
2023-11-25,Caesar Salad,176.0,16.2,0,Saturday,1.65,41848.0,30069.0,0,0
2023-06-07,Beef Steak,93.0,,0,Wednesday,1.13,74348.0,54312.0,0,0
2023-04-21,Seafood Paella,146.0,16.0,0,Friday,2.01,60538.0,,1,0
2023-04-21,Chicken Tikka,70.0,,0,Friday,1.55,37613.0,29688.0,0,0
2023-12-18,Mushroom Risotto,87.0,-1.9,0,Monday,0.77,39209.0,30517.0,0,0
2023-01-29,Plov,332.0,0.2,1,Sunday,8.31,38617.0,,0,0
2023-03-29,Margherita Pizza,187.0,20.9,0,Wednesday,,34145.0,27054.0,1,0
2023-03-19,Lamb Kebab,176.0,29.1,0,Sunday,3.02,52807.0,45424.0,0,0
2023-03-22,Plov,324.0,,1,Wednesday,6.23,30984.0,,0,0
2023-06-15,Chicken Tikka,149.0,32.2,0,Thursday,,36075.0,34774.0,0,1
2023-08-17,Seafood Paella,246.0,33.1,0,Thursday,4.77,59298.0,,0,1
2023-06-10,Margherita Pizza,,38.5,0,Saturday,5.39,38381.0,32475.0,0,0
2023-01-23,Plov,151.0,,0,Monday,1.95,32188.0,30237.0,0,0
2023-03-28,Mushroom Risotto,231.0,17.2,0,Tuesday,2.8,38201.0,27338.0,0,0
2023-04-08,Plov,292.0,,0,Saturday,7.37,29893.0,25622.0,1,0
2023-10-23,Tom Yum Soup,123.0,,0,Monday,,38642.0,24121.0,0,0
2023-11-22,Margherita Pizza,157.0,21.9,0,Wednesday,3.68,,28799.0,1,0
2023-09-21,Grilled Chicken,194.0,17.2,0,Thursday,4.35,45387.0,34974.0,1,0
2023-05-09,Shashlik,164.0,,0,Tuesday,1.53,40742.0,33894.0,0,0
2023-07-10,Samsa,231.0,33.2,0,Monday,7.11,17125.0,9897.0,1,0
2023-07-12,Seafood Paella,,34.1,0,Wednesday,1.7,64384.0,47252.0,1,0
2023-10-05,Mushroom Risotto,259.0,18.0,0,Thursday,5.63,,30708.0,1,1
2023-05-21,Thai Green Curry,310.0,5.1,0,Sunday,7.65,36755.0,,1,0
2023-10-30,Margherita Pizza,,7.7,0,Monday,,,31773.0,0,0
2023-06-14,Beef Steak,117.0,,0,Wednesday,1.92,70345.0,62597.0,1,0
2023-04-23,Grilled Chicken,305.0,14.3,0,Sunday,8.69,43162.0,,1,1
2023-08-05,Mushroom Risotto,231.0,36.7,0,Saturday,7.24,41369.0,,0,0
2023-09-09,Shashlik,250.0,,0,Saturday,5.67,39848.0,33254.0,0,0
2023-01-14,Burger & Fries,154.0,,0,Saturday,,,30388.0,1,1
2023-08-03,Lamb Kebab,89.0,31.0,0,Thursday,1.35,57794.0,39742.0,0,0
2023-09-22,Samsa,120.0,18.9,0,Friday,1.99,17212.0,10855.0,1,0
2023-01-29,Tom Yum Soup,218.0,6.3,0,Sunday,4.4,36849.0,23192.0,0,0
2023-08-03,Seafood Paella,93.0,41.2,0,Thursday,,,49223.0,0,0
2023-01-04,Chicken Tikka,181.0,-3.4,0,Wednesday,,40686.0,,0,0
2023-03-09,Tom Yum Soup,218.0,31.6,0,Thursday,3.55,36188.0,26528.0,0,0
2023-02-17,Samsa,206.0,-3.1,1,Friday,6.82,15905.0,10360.0,0,0
2023-04-16,Tom Yum Soup,,,0,Sunday,4.05,31585.0,26873.0,0,1
2023-11-26,Chicken Tikka,276.0,12.5,0,Sunday,7.72,43784.0,30140.0,1,0
2023-07-05,Plov,178.0,40.9,0,Wednesday,4.69,32916.0,28631.0,0,1
2023-11-28,Seafood Paella,114.0,,0,Tuesday,2.08,63199.0,45414.0,0,0
2023-04-29,Vegetable Stir Fry,146.0,18.1,0,Saturday,,27478.0,20378.0,0,0
2023-11-09,Burger & Fries,251.0,5.7,1,Thursday,7.41,33602.0,27521.0,0,0
2023-12-26,Samsa,183.0,-0.5,0,Tuesday,2.38,16801.0,10329.0,0,0
2023-05-22,Vegetable Stir Fry,169.0,28.7,0,Monday,4.37,28880.0,20213.0,0,1
2023-12-16,Pasta Carbonara,255.0,,0,Saturday,3.65,39039.0,28934.0,1,1
2023-05-02,Tom Yum Soup,,24.5,0,Tuesday,5.6,33425.0,,0,1
2023-01-26,Margherita Pizza,90.0,-6.5,0,Thursday,1.02,36460.0,32807.0,0,0
2023-11-18,Beef Steak,233.0,11.6,0,Saturday,4.04,,56163.0,0,1
2023-07-11,Lamb Kebab,101.0,26.7,0,Tuesday,1.13,53881.0,43410.0,0,0
2023-01-23,Lagman,118.0,-6.9,0,Monday,1.26,27150.0,21699.0,1,0
2023-01-21,Thai Green Curry,120.0,-7.2,0,Saturday,1.6,40568.0,31403.0,0,0
2023-05-11,Tom Yum Soup,,21.7,0,Thursday,2.13,33573.0,25696.0,0,0
2023-07-09,Shashlik,184.0,30.4,0,Sunday,6.6,,36666.0,1,0
2023-11-12,Grilled Chicken,323.0,8.0,0,Sunday,3.12,43970.0,34534.0,0,0
2023-10-10,Caesar Salad,101.0,14.5,0,Tuesday,,42687.0,29470.0,0,0
2023-02-07,Tom Yum Soup,141.0,-4.5,0,Tuesday,2.8,37179.0,24813.0,0,0
2023-07-15,Pasta Carbonara,232.0,44.9,0,Saturday,8.84,,,1,0
2023-08-26,Chicken Tikka,273.0,,0,Saturday,6.82,41289.0,34679.0,0,1
2023-09-20,Fish and Chips,,7.4,0,Wednesday,2.23,51432.0,35361.0,0,0
2023-03-02,Pasta Carbonara,197.0,9.5,0,Thursday,2.99,38709.0,,0,0
2023-03-04,Margherita Pizza,149.0,13.8,0,Saturday,1.68,38925.0,27980.0,0,0
2023-05-02,Plov,225.0,29.0,0,Tuesday,2.33,32193.0,27951.0,1,0
2023-02-18,Manti,217.0,-1.5,0,Saturday,2.41,26545.0,18472.0,0,0
2023-01-06,Margherita Pizza,144.0,-13.9,0,Friday,1.96,44772.0,,0,0
2023-02-03,Fish and Chips,127.0,3.2,0,Friday,2.96,,31227.0,0,1
2023-12-13,Fish and Chips,,-9.3,0,Wednesday,6.17,,32350.0,0,1
2023-04-20,Seafood Paella,250.0,18.2,0,Thursday,2.19,60317.0,,1,0
2023-10-19,Chicken Tikka,,10.9,0,Thursday,1.97,38080.0,34300.0,0,0
2023-08-18,Thai Green Curry,127.0,32.4,0,Friday,3.96,34412.0,29486.0,1,0
2023-10-14,Pasta Carbonara,328.0,15.2,0,Saturday,6.04,47591.0,30405.0,0,0
2023-04-28,Samsa,,17.5,0,Friday,2.53,14543.0,9273.0,0,0
2023-02-13,Shashlik,,-2.9,0,Monday,3.2,39769.0,36258.0,0,1
2023-09-06,Lagman,224.0,7.3,0,Wednesday,4.1,,22219.0,1,0
2023-08-16,Thai Green Curry,,37.2,0,Wednesday,2.45,42038.0,31004.0,0,0
2023-09-30,Margherita Pizza,241.0,1.9,0,Saturday,,,29057.0,0,0
2023-11-10,Fish and Chips,203.0,16.4,0,Friday,,38838.0,32676.0,0,0
2023-12-17,Samsa,264.0,-7.7,0,Sunday,5.89,13249.0,,1,1
2023-08-28,Vegetable Stir Fry,,,0,Monday,2.58,29189.0,23495.0,0,0
2023-05-30,Caesar Salad,177.0,,0,Tuesday,,36951.0,27964.0,1,0
2023-03-27,Beef Steak,140.0,,0,Monday,1.14,66461.0,,1,0
2023-05-25,Fish and Chips,201.0,20.9,0,Thursday,3.32,49873.0,34447.0,0,1
2023-07-24,Chicken Tikka,67.0,38.3,0,Monday,0.73,36530.0,30024.0,0,0
2023-01-02,Plov,352.0,-7.8,1,Monday,4.72,,27163.0,0,0
2023-06-07,Lagman,127.0,38.4,0,Wednesday,1.96,29172.0,20641.0,1,1
2023-06-01,Manti,104.0,40.9,0,Thursday,2.74,24419.0,19784.0,0,1
2023-05-25,Shashlik,142.0,18.6,0,Thursday,1.43,,33666.0,0,0
2023-05-18,Beef Steak,191.0,,0,Thursday,3.69,75222.0,61605.0,0,0
2023-11-18,Grilled Chicken,178.0,11.8,0,Saturday,3.53,51052.0,38837.0,1,0
2023-10-04,Shashlik,73.0,12.8,0,Wednesday,,41616.0,37734.0,1,0
2023-08-25,Samsa,242.0,30.2,0,Friday,3.82,15367.0,9873.0,0,1
2023-09-05,Seafood Paella,,13.0,0,Tuesday,0.93,65770.0,,1,0
2023-01-02,Pasta Carbonara,,-5.1,1,Monday,1.66,39223.0,29672.0,1,0
2023-07-26,Burger & Fries,160.0,,0,Wednesday,2.24,40355.0,,1,1
2023-12-05,Lagman,72.0,-3.7,0,Tuesday,0.94,27215.0,21832.0,1,0
2023-08-22,Vegetable Stir Fry,88.0,38.4,0,Tuesday,2.08,28502.0,21505.0,0,0
2023-02-11,Sushi Set,209.0,-2.1,0,Saturday,4.55,69379.0,47848.0,0,1
2023-07-05,Lamb Kebab,60.0,39.8,0,Wednesday,0.81,56344.0,,0,0
2023-12-26,Shashlik,,-5.4,0,Tuesday,4.0,44135.0,35658.0,1,1
2023-05-28,Burger & Fries,190.0,17.8,0,Sunday,2.82,34798.0,25831.0,0,0
2023-10-20,Lagman,252.0,,0,Friday,,32680.0,23854.0,0,0
2023-01-10,Beef Steak,226.0,-6.6,0,Tuesday,1.47,67980.0,62172.0,0,0
2023-07-01,Tom Yum Soup,,40.6,0,Saturday,5.45,31507.0,25001.0,1,1
2023-05-15,Tom Yum Soup,187.0,17.5,0,Monday,4.69,32872.0,,1,0
2023-11-11,Plov,122.0,13.7,0,Saturday,2.71,32759.0,27254.0,0,0
2023-09-01,Beef Steak,231.0,11.0,1,Friday,3.08,,58285.0,0,0
2023-05-12,Lagman,,19.6,0,Friday,2.31,31888.0,,1,0
2023-10-29,Beef Steak,306.0,,0,Sunday,,85271.0,61353.0,0,0
2023-02-23,Samsa,220.0,,0,Thursday,6.4,13273.0,9077.0,0,1
2023-05-16,Pasta Carbonara,202.0,24.7,0,Tuesday,4.18,40272.0,32646.0,1,0
2023-03-31,Caesar Salad,126.0,9.5,0,Friday,2.79,43547.0,27464.0,0,0
2023-10-18,Seafood Paella,91.0,6.6,0,Wednesday,1.42,62677.0,44270.0,0,1
2023-07-27,Vegetable Stir Fry,,34.4,0,Thursday,3.03,32333.0,22935.0,0,0
2023-03-19,Seafood Paella,99.0,8.3,0,Sunday,1.62,52185.0,46099.0,0,0
2023-06-18,Thai Green Curry,,27.1,0,Sunday,1.49,41874.0,30652.0,0,1
2023-10-24,Samsa,220.0,,0,Tuesday,2.98,13197.0,10645.0,0,0
2023-10-17,Pasta Carbonara,140.0,10.1,0,Tuesday,2.94,39385.0,29774.0,0,0
2023-07-02,Lamb Kebab,235.0,39.3,0,Sunday,,51457.0,41405.0,0,0
2023-10-17,Mushroom Risotto,239.0,12.1,0,Tuesday,2.22,38380.0,28080.0,0,0
2023-09-06,Thai Green Curry,177.0,19.4,0,Wednesday,,43078.0,28544.0,0,1
2023-07-09,Thai Green Curry,171.0,35.6,0,Sunday,2.47,38230.0,28828.0,0,0
2023-07-09,Grilled Chicken,90.0,34.7,0,Sunday,2.56,52882.0,34673.0,1,1
2023-11-05,Manti,114.0,7.1,0,Sunday,3.3,,18912.0,0,0
2023-05-30,Shashlik,222.0,21.6,0,Tuesday,2.09,45726.0,36614.0,0,0
2023-11-21,Grilled Chicken,96.0,15.0,0,Tuesday,1.12,50499.0,37282.0,0,0
2023-04-15,Sushi Set,151.0,20.6,0,Saturday,,72361.0,49181.0,0,1
2023-05-27,Caesar Salad,123.0,12.8,0,Saturday,2.74,37644.0,32897.0,0,1
2023-05-05,Manti,85.0,22.4,0,Friday,2.25,24805.0,17798.0,1,0
2023-08-09,Caesar Salad,154.0,33.8,0,Wednesday,2.68,34004.0,30577.0,1,0
2023-11-10,Seafood Paella,,15.1,0,Friday,0.67,64831.0,41302.0,1,0
2023-01-27,Grilled Chicken,161.0,-5.7,0,Friday,1.31,55587.0,36055.0,1,0
2023-10-10,Thai Green Curry,136.0,20.7,0,Tuesday,2.79,44471.0,31968.0,1,1
2023-04-01,Tom Yum Soup,193.0,4.0,0,Saturday,4.99,37347.0,26529.0,0,0
2023-06-21,Sushi Set,121.0,30.7,1,Wednesday,5.42,61667.0,50339.0,1,1
2023-08-30,Burger & Fries,143.0,27.0,0,Wednesday,2.87,43664.0,26227.0,0,0
2023-12-25,Sushi Set,96.0,-3.6,0,Monday,1.55,73146.0,46974.0,1,1
2023-07-09,Shashlik,163.0,28.5,0,Sunday,,48128.0,32653.0,1,0
2023-05-07,Thai Green Curry,223.0,21.2,0,Sunday,2.29,36996.0,28579.0,0,0
2023-03-18,Shashlik,,,0,Saturday,5.46,41956.0,,0,0
2023-03-08,Samsa,115.0,17.1,0,Wednesday,,13196.0,9417.0,1,0
2023-09-12,Samsa,207.0,17.9,1,Tuesday,6.88,14808.0,10035.0,0,0
2023-05-12,Samsa,149.0,25.5,0,Friday,1.63,13606.0,10041.0,0,0
2023-04-20,Pasta Carbonara,146.0,16.9,0,Thursday,,44171.0,,0,0
2023-08-29,Seafood Paella,134.0,37.6,0,Tuesday,1.68,68109.0,46128.0,1,0
2023-07-14,Plov,249.0,,0,Friday,5.73,35301.0,29825.0,1,0
2023-04-24,Thai Green Curry,212.0,19.8,0,Monday,2.85,35458.0,28184.0,0,1
2023-10-06,Pasta Carbonara,109.0,10.5,0,Friday,2.23,35952.0,,0,0
2023-05-05,Grilled Chicken,208.0,12.7,0,Friday,4.35,56859.0,41766.0,0,1
2023-02-20,Seafood Paella,249.0,7.4,0,Monday,5.17,62691.0,47739.0,0,1
2023-02-08,Fish and Chips,130.0,-6.3,0,Wednesday,1.49,46393.0,32813.0,0,0
2023-06-22,Caesar Salad,95.0,25.0,0,Thursday,1.69,37204.0,29640.0,0,0
2023-11-27,Thai Green Curry,203.0,16.7,0,Monday,5.61,,30652.0,1,1
2023-01-14,Pasta Carbonara,212.0,,0,Saturday,4.2,,32954.0,1,0
2023-09-25,Shashlik,132.0,19.2,0,Monday,1.42,39567.0,37784.0,0,0
2023-09-06,Thai Green Curry,193.0,26.5,0,Wednesday,,,27554.0,0,1
2023-12-22,Lamb Kebab,210.0,-2.2,0,Friday,2.38,,38931.0,0,0
2023-05-22,Pasta Carbonara,146.0,20.7,0,Monday,,44329.0,34767.0,0,0
2023-04-13,Tom Yum Soup,,,0,Thursday,3.63,30928.0,,1,0
2023-03-30,Pasta Carbonara,164.0,10.1,0,Thursday,,42754.0,31912.0,0,0
2023-04-19,Samsa,134.0,10.4,0,Wednesday,1.71,17160.0,9955.0,0,0
2023-02-06,Fish and Chips,193.0,-1.1,0,Monday,,38301.0,32219.0,1,0
2023-12-30,Shashlik,310.0,-10.1,0,Saturday,2.86,49309.0,,0,0
2023-11-14,Tom Yum Soup,204.0,19.6,0,Tuesday,4.17,35995.0,24361.0,0,0
2023-11-24,Lagman,163.0,16.4,0,Friday,2.08,33156.0,24120.0,0,0
2023-01-13,Samsa,,0.9,0,Friday,,12773.0,,1,0
2023-12-17,Margherita Pizza,255.0,,0,Sunday,2.77,45716.0,,0,0
2023-09-05,Grilled Chicken,,13.8,0,Tuesday,1.57,54253.0,38570.0,0,1
2023-11-20,Burger & Fries,234.0,13.1,0,Monday,3.53,43242.0,27878.0,0,0
2023-02-10,Chicken Tikka,157.0,,0,Friday,,,31335.0,0,0
2023-07-06,Sushi Set,138.0,31.4,0,Thursday,1.91,56922.0,45909.0,0,0
2023-12-03,Burger & Fries,282.0,-3.2,0,Sunday,3.02,34357.0,26669.0,1,0
2023-10-04,Grilled Chicken,159.0,,0,Wednesday,1.19,45826.0,40131.0,0,0
2023-05-27,Beef Steak,118.0,23.1,0,Saturday,1.51,67467.0,56722.0,1,0
2023-07-24,Tom Yum Soup,110.0,33.5,0,Monday,3.42,39858.0,24240.0,0,1
2023-07-12,Pasta Carbonara,101.0,31.9,0,Wednesday,2.4,38880.0,32489.0,0,0
2023-10-10,Vegetable Stir Fry,205.0,16.7,0,Tuesday,4.83,30174.0,23243.0,1,0
2023-09-22,Mushroom Risotto,,17.7,1,Friday,10.66,36054.0,,1,0
2023-08-08,Burger & Fries,214.0,42.6,0,Tuesday,3.82,32662.0,,0,0
2023-10-23,Chicken Tikka,118.0,12.9,0,Monday,,,,1,0
2023-10-23,Caesar Salad,97.0,16.3,0,Monday,2.17,35075.0,27759.0,1,0
2023-03-12,Tom Yum Soup,265.0,19.5,0,Sunday,,39672.0,25732.0,1,0
2023-10-10,Mushroom Risotto,,13.3,0,Tuesday,2.19,,25357.0,0,0
2023-09-09,Pasta Carbonara,235.0,11.7,0,Saturday,3.27,45884.0,30424.0,0,1
2023-06-15,Vegetable Stir Fry,,33.5,0,Thursday,1.93,28976.0,21355.0,1,0
2023-01-16,Manti,143.0,-2.6,0,Monday,2.47,26305.0,,0,0
2023-09-30,Mushroom Risotto,208.0,15.9,0,Saturday,5.01,38591.0,,0,0
2023-01-01,Caesar Salad,279.0,-2.3,1,Sunday,3.6,34903.0,27440.0,0,0
2023-10-30,Shashlik,168.0,23.1,0,Monday,3.99,41844.0,35101.0,1,1
2023-10-21,Pasta Carbonara,143.0,24.0,0,Saturday,3.98,41653.0,31946.0,0,0
2023-12-17,Fish and Chips,322.0,4.1,0,Sunday,8.25,40006.0,30752.0,0,0
2023-01-19,Sushi Set,,-9.4,0,Thursday,1.76,65631.0,48033.0,0,0
2023-09-27,Fish and Chips,185.0,21.3,0,Wednesday,,47944.0,34553.0,0,0
2023-05-04,Mushroom Risotto,146.0,12.2,0,Thursday,1.98,39454.0,30437.0,0,0
2023-04-24,Mushroom Risotto,97.0,22.1,0,Monday,1.18,41701.0,27147.0,0,1
2023-03-09,Lagman,152.0,21.3,0,Thursday,3.58,31256.0,21980.0,0,0
2023-12-30,Beef Steak,205.0,-6.5,0,Saturday,4.26,85472.0,,1,0
2023-09-27,Burger & Fries,,26.0,0,Wednesday,4.02,38686.0,29404.0,0,0
2023-04-05,Mushroom Risotto,,,0,Wednesday,2.03,39348.0,27084.0,0,0
2023-11-15,Fish and Chips,240.0,14.8,0,Wednesday,5.45,42038.0,,0,0
2023-05-07,Shashlik,228.0,12.0,0,Sunday,2.74,45124.0,,0,0
2023-08-18,Plov,117.0,34.8,0,Friday,1.62,40008.0,28250.0,0,0
2023-10-14,Shashlik,328.0,,0,Saturday,,49804.0,34542.0,0,0
2023-07-21,Tom Yum Soup,154.0,35.3,0,Friday,4.46,33859.0,25298.0,1,0
2023-08-08,Samsa,183.0,,0,Tuesday,,12841.0,10244.0,0,0
2023-10-23,Beef Steak,,14.0,0,Monday,1.35,72163.0,62480.0,0,1
2023-03-04,Samsa,150.0,17.6,0,Saturday,3.42,,,1,0
2023-11-01,Chicken Tikka,126.0,12.3,0,Wednesday,2.35,41148.0,34103.0,1,0
2023-02-08,Lamb Kebab,230.0,-1.3,0,Wednesday,,55633.0,43357.0,0,1
2023-01-19,Manti,192.0,-8.6,0,Thursday,2.29,25705.0,,0,0
2023-07-06,Mushroom Risotto,128.0,35.0,0,Thursday,2.65,39963.0,26301.0,0,0
2023-02-14,Burger & Fries,95.0,-2.9,0,Tuesday,1.76,39490.0,,1,0
2023-09-07,Seafood Paella,155.0,23.9,0,Thursday,2.21,61293.0,43250.0,0,0
2023-10-20,Lagman,107.0,14.4,0,Friday,1.87,27268.0,20731.0,1,0
2023-05-01,Shashlik,252.0,21.1,0,Monday,3.86,,36270.0,0,0
2023-10-13,Pasta Carbonara,125.0,4.8,0,Friday,1.13,40715.0,32087.0,0,0
2023-05-02,Pasta Carbonara,,,0,Tuesday,,39727.0,31604.0,0,0
2023-05-19,Fish and Chips,73.0,21.8,0,Friday,1.06,45439.0,30952.0,0,1
2023-07-26,Shashlik,99.0,26.2,0,Wednesday,1.78,,34607.0,1,0
2023-11-05,Margherita Pizza,118.0,15.4,0,Sunday,1.73,40199.0,28350.0,0,0
2023-11-30,Burger & Fries,,14.4,0,Thursday,2.47,43432.0,28810.0,0,0
2023-09-06,Burger & Fries,179.0,7.4,0,Wednesday,3.86,33341.0,29437.0,0,0
2023-12-12,Beef Steak,213.0,0.9,0,Tuesday,2.83,80706.0,,0,0
2023-08-16,Pasta Carbonara,156.0,31.1,0,Wednesday,3.84,45019.0,31995.0,1,0
2023-01-17,Chicken Tikka,187.0,3.9,0,Tuesday,2.35,40347.0,34129.0,0,1
2023-08-12,Lagman,118.0,35.4,0,Saturday,3.67,25590.0,21009.0,0,0
2023-06-08,Vegetable Stir Fry,180.0,42.2,0,Thursday,1.99,,22356.0,0,1
2023-06-11,Pasta Carbonara,,34.5,0,Sunday,8.6,46052.0,,0,1
2023-06-29,Caesar Salad,140.0,,0,Thursday,,,31432.0,1,0
2023-06-28,Seafood Paella,179.0,37.7,0,Wednesday,3.3,52355.0,,0,0
2023-03-14,Lamb Kebab,187.0,,0,Tuesday,4.13,53561.0,43721.0,0,1
2023-04-27,Samsa,92.0,22.4,0,Thursday,1.54,16921.0,9120.0,0,0
2023-10-26,Burger & Fries,255.0,11.8,0,Thursday,5.77,37565.0,29930.0,0,1
2023-05-31,Chicken Tikka,267.0,22.2,1,Wednesday,7.75,,,0,0
2023-10-04,Mushroom Risotto,162.0,24.9,0,Wednesday,2.33,43284.0,27684.0,0,0
2023-02-18,Seafood Paella,334.0,0.9,0,Saturday,,60516.0,40809.0,0,0
2023-10-10,Caesar Salad,150.0,10.9,0,Tuesday,2.79,38008.0,31396.0,0,0
2023-05-29,Shashlik,165.0,9.7,0,Monday,2.41,45808.0,38227.0,1,0
2023-02-02,Manti,199.0,3.8,0,Thursday,4.42,,19165.0,1,1
2023-11-04,Lagman,,15.2,0,Saturday,5.56,27805.0,20920.0,0,0
2023-11-16,Vegetable Stir Fry,119.0,7.3,0,Thursday,1.98,34121.0,23426.0,0,1
2023-10-27,Lagman,127.0,6.0,0,Friday,,27212.0,20030.0,0,0
2023-04-27,Pasta Carbonara,218.0,16.2,0,Thursday,3.16,47455.0,30347.0,0,0
2023-10-15,Chicken Tikka,302.0,,0,Sunday,4.22,42086.0,,0,0
2023-05-18,Beef Steak,85.0,17.1,0,Thursday,1.01,73093.0,55489.0,0,1
2023-06-30,Plov,231.0,,0,Friday,4.93,,28386.0,1,0
2023-01-24,Grilled Chicken,153.0,4.5,0,Tuesday,3.46,45306.0,38422.0,0,0
2023-02-05,Vegetable Stir Fry,303.0,-8.6,0,Sunday,7.28,,22157.0,0,0
2023-10-08,Fish and Chips,,15.1,0,Sunday,2.57,41791.0,36304.0,1,0
2023-04-21,Seafood Paella,146.0,13.7,0,Friday,3.05,68968.0,47524.0,1,0
2023-10-17,Shashlik,177.0,9.8,0,Tuesday,4.14,47993.0,33400.0,1,0
2023-09-30,Thai Green Curry,282.0,13.6,0,Saturday,7.51,43917.0,28920.0,0,0
2023-02-07,Manti,125.0,2.3,0,Tuesday,1.2,,19593.0,0,1
2023-05-10,Tom Yum Soup,250.0,19.4,0,Wednesday,,35665.0,26519.0,0,0
2023-04-17,Fish and Chips,109.0,22.5,0,Monday,1.89,,33762.0,0,0
2023-04-05,Fish and Chips,177.0,15.4,0,Wednesday,,,32134.0,0,1
2023-06-22,Manti,174.0,26.9,0,Thursday,2.36,28231.0,17084.0,0,0
2023-07-20,Plov,134.0,,0,Thursday,3.42,38523.0,30585.0,0,1
2023-01-21,Shashlik,,-12.3,0,Saturday,2.46,51048.0,31981.0,0,0
2023-05-13,Thai Green Curry,216.0,14.5,0,Saturday,4.82,34582.0,30622.0,0,0
2023-04-05,Lamb Kebab,172.0,29.3,0,Wednesday,3.25,52959.0,,0,1
2023-04-22,Lagman,190.0,23.2,0,Saturday,4.07,33697.0,23524.0,1,1
2023-12-14,Lamb Kebab,257.0,-3.2,0,Thursday,3.39,61111.0,42489.0,0,0
2023-04-15,Burger & Fries,109.0,14.3,0,Saturday,2.42,,25870.0,1,1
2023-04-05,Chicken Tikka,211.0,15.6,0,Wednesday,3.8,42028.0,33417.0,0,0
2023-05-18,Beef Steak,,22.2,0,Thursday,3.69,75222.0,61605.0,0,0
2023-11-10,Plov,102.0,21.5,0,Friday,1.82,31889.0,29360.0,0,0
2023-04-15,Vegetable Stir Fry,123.0,16.9,0,Saturday,3.15,,,0,1
2023-02-26,Seafood Paella,121.0,2.0,0,Sunday,1.42,56085.0,43902.0,0,0
2023-12-02,Shashlik,215.0,-3.8,0,Saturday,3.01,,37063.0,0,0
2023-01-13,Margherita Pizza,238.0,0.0,0,Friday,,35396.0,30676.0,0,0
2023-07-09,Lamb Kebab,239.0,35.0,0,Sunday,6.28,48117.0,42238.0,1,1
2023-06-09,Margherita Pizza,144.0,45.0,0,Friday,3.91,,,0,1
2023-12-20,Tom Yum Soup,96.0,-5.2,0,Wednesday,1.73,35225.0,27386.0,1,0
2023-11-10,Pasta Carbonara,125.0,11.0,0,Friday,,41664.0,33563.0,0,0
2023-10-07,Mushroom Risotto,168.0,16.0,0,Saturday,2.6,39176.0,27088.0,0,0
2023-11-29,Caesar Salad,223.0,,0,Wednesday,4.2,35579.0,32128.0,1,0
2023-06-21,Samsa,296.0,33.5,1,Wednesday,8.4,12750.0,10436.0,0,0
2023-07-14,Seafood Paella,,21.4,0,Friday,2.27,66533.0,44825.0,0,0
2023-06-04,Mushroom Risotto,,,0,Sunday,2.17,41441.0,30324.0,0,0
2023-01-14,Burger & Fries,208.0,5.4,0,Saturday,,32482.0,26493.0,0,1
2023-03-25,Caesar Salad,99.0,,0,Saturday,1.2,,29713.0,0,0
2023-01-07,Chicken Tikka,254.0,-4.7,0,Saturday,3.39,,32114.0,1,1
2023-09-19,Beef Steak,151.0,16.0,0,Tuesday,2.24,64007.0,57158.0,1,0
2023-08-08,Margherita Pizza,,42.9,0,Tuesday,1.9,36877.0,28169.0,0,1
2023-09-28,Beef Steak,95.0,11.1,0,Thursday,1.12,64130.0,59369.0,0,0
2023-10-25,Chicken Tikka,196.0,11.6,0,Wednesday,1.79,39370.0,29726.0,1,0
2023-10-03,Seafood Paella,242.0,9.7,0,Tuesday,3.53,54005.0,,1,0
2023-01-02,Seafood Paella,256.0,-2.9,1,Monday,3.04,60232.0,46836.0,0,0
2023-05-07,Lagman,174.0,20.5,0,Sunday,2.72,31694.0,,0,1
2023-09-01,Samsa,356.0,25.2,1,Friday,10.76,14326.0,10825.0,0,0
2023-02-25,Margherita Pizza,270.0,-6.9,0,Saturday,6.66,34249.0,31565.0,0,0
2023-12-14,Lamb Kebab,103.0,-3.1,0,Thursday,1.0,56952.0,38750.0,0,0
2023-12-04,Fish and Chips,148.0,-7.2,0,Monday,1.66,40152.0,36054.0,1,1
2023-03-01,Manti,87.0,15.3,0,Wednesday,1.22,22018.0,19574.0,0,0
2023-10-11,Margherita Pizza,147.0,13.7,0,Wednesday,1.93,36238.0,28616.0,0,1
2023-05-12,Margherita Pizza,189.0,18.7,0,Friday,2.7,38682.0,,0,0
2023-10-16,Manti,134.0,22.8,0,Monday,3.31,22018.0,18127.0,0,0
2023-02-14,Margherita Pizza,187.0,-3.6,0,Tuesday,2.09,34646.0,,0,0
2023-02-07,Beef Steak,240.0,-0.5,0,Tuesday,5.08,69604.0,54253.0,0,1
2023-06-19,Beef Steak,197.0,38.4,0,Monday,2.83,,54627.0,0,0
2023-08-20,Chicken Tikka,191.0,37.1,0,Sunday,2.74,37258.0,32532.0,0,0
2023-06-24,Tom Yum Soup,196.0,37.3,0,Saturday,3.87,36747.0,27330.0,1,0
2023-08-31,Lagman,,,0,Thursday,2.43,29569.0,20387.0,0,0
2023-01-18,Tom Yum Soup,145.0,,0,Wednesday,1.43,31650.0,26486.0,0,0
2023-06-04,Grilled Chicken,232.0,42.0,1,Sunday,11.03,,,0,0
2023-10-01,Thai Green Curry,190.0,24.7,0,Sunday,5.45,44997.0,28967.0,1,0
2023-07-03,Pasta Carbonara,162.0,39.8,0,Monday,2.46,37588.0,,0,0
2023-11-26,Caesar Salad,153.0,,0,Sunday,,38810.0,29772.0,1,0
2023-11-03,Manti,,17.6,0,Friday,5.05,23388.0,19054.0,0,1
2023-02-20,Beef Steak,236.0,-1.4,0,Monday,3.31,78991.0,,0,0
2023-01-02,Shashlik,,4.2,1,Monday,6.66,43798.0,31731.0,0,0
2023-05-26,Mushroom Risotto,,17.0,0,Friday,2.33,,30256.0,0,0
2023-02-28,Pasta Carbonara,189.0,-4.0,0,Tuesday,1.35,44918.0,31612.0,0,1
2023-05-22,Seafood Paella,116.0,24.5,0,Monday,,65023.0,45987.0,1,1
2023-07-07,Mushroom Risotto,86.0,37.9,0,Friday,1.78,36152.0,29150.0,0,0
2023-10-19,Burger & Fries,143.0,11.9,0,Thursday,2.95,36422.0,28567.0,0,1
2023-01-21,Lamb Kebab,95.0,-12.5,0,Saturday,1.89,47348.0,46065.0,1,1
2023-10-02,Lamb Kebab,189.0,,0,Monday,2.02,62590.0,44691.0,0,0
2023-11-21,Shashlik,169.0,11.7,0,Tuesday,4.54,40240.0,31708.0,0,1
2023-04-10,Samsa,147.0,18.2,0,Monday,,14019.0,,0,0
2023-11-03,Caesar Salad,,,0,Friday,,45561.0,32461.0,1,0
2023-07-21,Grilled Chicken,218.0,30.0,0,Friday,5.45,51878.0,41696.0,0,1
2023-06-04,Shashlik,258.0,34.9,0,Sunday,,51672.0,35389.0,0,0
2023-05-17,Fish and Chips,111.0,22.9,0,Wednesday,,,35247.0,0,0
2023-01-08,Samsa,157.0,,0,Sunday,3.27,14512.0,10243.0,0,1
2023-05-19,Plov,219.0,12.4,0,Friday,2.13,39512.0,,1,0
2023-07-24,Grilled Chicken,154.0,,0,Monday,,43342.0,37932.0,0,1
2023-01-13,Lagman,,-1.9,0,Friday,1.39,29268.0,21700.0,0,0
2023-05-17,Mushroom Risotto,95.0,13.5,0,Wednesday,1.63,41789.0,30662.0,0,1
2023-10-28,Fish and Chips,233.0,11.1,0,Saturday,6.47,49200.0,34924.0,0,1
2023-08-13,Grilled Chicken,192.0,31.5,0,Sunday,5.44,50273.0,34485.0,1,1
2023-02-28,Chicken Tikka,125.0,,0,Tuesday,1.7,38632.0,29379.0,1,0
2023-06-12,Manti,233.0,30.5,0,Monday,3.7,28197.0,18543.0,0,0
2023-08-20,Thai Green Curry,326.0,29.4,0,Sunday,4.71,36766.0,29818.0,0,0
2023-11-14,Beef Steak,165.0,,0,Tuesday,3.37,69437.0,63091.0,0,0
2023-04-25,Tom Yum Soup,113.0,9.6,0,Tuesday,2.69,39920.0,,1,0
2023-08-14,Sushi Set,147.0,35.3,0,Monday,3.27,64768.0,53130.0,0,0
2023-02-03,Thai Green Curry,227.0,,0,Friday,3.15,45771.0,32559.0,0,0
2023-03-12,Caesar Salad,145.0,,0,Sunday,3.42,,32528.0,1,0
2023-08-04,Tom Yum Soup,168.0,29.1,0,Friday,3.48,,,1,1
2023-06-19,Lamb Kebab,102.0,35.7,0,Monday,1.82,,,0,0
2023-10-05,Lagman,173.0,,0,Thursday,,27729.0,21366.0,0,0
2023-08-18,Seafood Paella,171.0,41.9,0,Friday,4.74,53625.0,49093.0,0,1
2023-10-22,Lamb Kebab,154.0,,0,Sunday,2.98,60963.0,45074.0,0,1
2023-04-15,Burger & Fries,141.0,12.2,0,Saturday,3.92,38995.0,26175.0,1,0
2023-12-16,Samsa,129.0,-2.3,0,Saturday,2.52,14947.0,10305.0,1,0
2023-01-29,Beef Steak,280.0,-0.4,0,Sunday,,80445.0,52565.0,0,0
2023-05-23,Sushi Set,220.0,15.9,0,Tuesday,4.46,73288.0,,0,1
2023-07-26,Margherita Pizza,160.0,30.9,0,Wednesday,3.99,36429.0,,0,0
2023-11-05,Shashlik,,3.0,0,Sunday,4.46,46038.0,32583.0,0,0
2023-04-20,Seafood Paella,183.0,23.3,0,Thursday,3.4,53294.0,47701.0,0,1
2023-02-25,Seafood Paella,305.0,-4.0,0,Saturday,5.36,56384.0,46139.0,0,0
2023-10-14,Thai Green Curry,170.0,19.5,0,Saturday,3.53,34783.0,29662.0,0,1
2023-07-11,Lagman,161.0,39.0,0,Tuesday,4.96,29842.0,22029.0,1,0
2023-10-06,Thai Green Curry,247.0,13.2,0,Friday,2.86,43283.0,31487.0,0,0
2023-12-21,Thai Green Curry,194.0,-4.6,0,Thursday,2.71,35592.0,,0,0
2023-08-17,Caesar Salad,191.0,42.5,0,Thursday,6.22,37902.0,27235.0,0,1
2023-03-20,Lamb Kebab,339.0,4.7,1,Monday,,,39410.0,0,1
2023-04-13,Shashlik,103.0,28.5,0,Thursday,1.5,42982.0,35629.0,0,1
2023-12-10,Mushroom Risotto,108.0,4.0,0,Sunday,2.18,35649.0,25432.0,0,0
2023-02-15,Beef Steak,,-0.2,0,Wednesday,2.1,77212.0,59244.0,0,0
2023-01-13,Grilled Chicken,239.0,-0.1,0,Friday,,,40839.0,0,0
2023-08-24,Burger & Fries,156.0,33.0,0,Thursday,,36146.0,30238.0,0,0
2023-12-15,Margherita Pizza,230.0,-3.9,0,Friday,4.22,36462.0,,1,1
2023-05-25,Mushroom Risotto,,23.4,0,Thursday,1.39,,28520.0,0,0
2023-10-20,Plov,90.0,13.9,0,Friday,0.93,31032.0,27732.0,1,1
2023-12-08,Lamb Kebab,173.0,-4.1,0,Friday,3.29,59969.0,40968.0,0,0
2023-04-15,Pasta Carbonara,,,0,Saturday,,43078.0,32135.0,0,0
2023-02-16,Caesar Salad,152.0,1.7,0,Thursday,3.39,40100.0,,0,1
2023-12-27,Pasta Carbonara,200.0,-1.9,0,Wednesday,3.04,42027.0,32610.0,0,0
2023-07-12,Lamb Kebab,140.0,30.1,0,Wednesday,1.24,60899.0,38617.0,0,1
2023-04-03,Seafood Paella,228.0,4.0,0,Monday,4.71,51978.0,42016.0,0,0
2023-03-01,Tom Yum Soup,110.0,23.8,0,Wednesday,,30337.0,,0,1
2023-08-02,Plov,193.0,33.1,0,Wednesday,5.3,39416.0,,0,0
2023-09-16,Sushi Set,91.0,16.6,0,Saturday,1.62,60257.0,49462.0,0,0
2023-02-08,Lagman,140.0,-0.2,0,Wednesday,2.2,33564.0,21624.0,1,0
2023-10-06,Margherita Pizza,100.0,31.3,0,Friday,1.46,36991.0,28349.0,1,0
2023-05-08,Fish and Chips,95.0,22.5,0,Monday,1.85,48478.0,34431.0,0,0
2023-09-27,Pasta Carbonara,85.0,6.3,0,Wednesday,1.01,35746.0,30848.0,0,0
2023-05-11,Lamb Kebab,168.0,,0,Thursday,2.82,59599.0,43988.0,0,0
2023-02-12,Caesar Salad,223.0,-8.9,0,Sunday,3.37,40324.0,30369.0,0,0
2023-02-09,Thai Green Curry,124.0,-1.5,0,Thursday,1.38,34129.0,,0,0
2023-01-12,Caesar Salad,171.0,-0.6,0,Thursday,3.29,35516.0,32842.0,1,0
2023-05-01,Pasta Carbonara,,27.5,0,Monday,5.02,46803.0,31495.0,0,0
2023-01-01,Margherita Pizza,405.0,-4.8,1,Sunday,9.89,34299.0,29694.0,1,0
2023-11-23,Tom Yum Soup,,24.1,0,Thursday,2.15,38076.0,23163.0,1,1
2023-06-22,Shashlik,143.0,,0,Thursday,3.65,47791.0,37032.0,0,0
2023-03-23,Mushroom Risotto,168.0,16.0,1,Thursday,2.61,,30634.0,0,0
2023-04-30,Tom Yum Soup,,12.7,0,Sunday,4.59,,27095.0,0,1
2023-11-03,Fish and Chips,213.0,3.0,0,Friday,3.55,38682.0,30909.0,0,0
2023-07-10,Seafood Paella,221.0,,0,Monday,,52156.0,45834.0,1,0
2023-10-21,Mushroom Risotto,182.0,17.7,0,Saturday,3.76,41450.0,29730.0,0,0
2023-11-17,Burger & Fries,183.0,0.2,0,Friday,5.15,40966.0,28535.0,1,1
2023-01-14,Caesar Salad,,-3.2,0,Saturday,4.39,40331.0,28553.0,1,0
2023-05-05,Samsa,108.0,18.1,0,Friday,1.89,16046.0,10866.0,0,1
2023-02-28,Mushroom Risotto,,-4.6,0,Tuesday,0.74,38144.0,26491.0,1,0
2023-07-12,Vegetable Stir Fry,167.0,30.1,0,Wednesday,4.26,33810.0,21636.0,0,0
2023-03-02,Margherita Pizza,145.0,4.9,0,Thursday,3.52,,28291.0,1,0
2023-10-11,Sushi Set,172.0,25.1,0,Wednesday,,68750.0,47333.0,0,0
2023-09-01,Beef Steak,372.0,9.2,1,Friday,7.91,77873.0,56557.0,1,1
2023-06-24,Seafood Paella,173.0,33.2,0,Saturday,4.12,56895.0,45420.0,0,1
2023-07-05,Margherita Pizza,,24.7,0,Wednesday,1.48,41531.0,28931.0,0,0
2023-08-13,Mushroom Risotto,189.0,38.0,0,Sunday,,34530.0,30648.0,0,0
2023-08-06,Thai Green Curry,158.0,23.0,0,Sunday,3.18,,,0,0
2023-06-25,Plov,,45.0,0,Sunday,8.0,,28476.0,0,0
2023-06-14,Pasta Carbonara,108.0,,0,Wednesday,1.78,36830.0,34953.0,0,0
2023-11-24,Thai Green Curry,147.0,13.6,0,Friday,3.31,41429.0,,0,1
2023-11-08,Lagman,130.0,26.4,0,Wednesday,3.11,27573.0,22814.0,0,1
2023-09-14,Fish and Chips,135.0,12.9,0,Thursday,1.34,48266.0,,0,1
2023-05-08,Seafood Paella,,12.5,0,Monday,3.44,51782.0,48635.0,0,1
2023-01-12,Chicken Tikka,224.0,-0.2,0,Thursday,3.83,48154.0,31906.0,1,1
2023-03-09,Tom Yum Soup,138.0,,0,Thursday,1.07,37136.0,,0,0
2023-07-31,Lamb Kebab,110.0,38.3,0,Monday,,53877.0,38077.0,0,0
2023-05-23,Margherita Pizza,74.0,28.9,0,Tuesday,,35254.0,30818.0,1,1
2023-09-25,Seafood Paella,171.0,8.0,0,Monday,2.73,56525.0,42256.0,0,0
2023-10-19,Sushi Set,166.0,14.6,0,Thursday,2.36,65188.0,54088.0,1,0
2023-05-02,Manti,,,0,Tuesday,2.55,25906.0,19543.0,0,0
2023-07-04,Manti,146.0,,0,Tuesday,3.04,,19746.0,0,0
2023-09-27,Grilled Chicken,,16.4,0,Wednesday,1.16,42965.0,38411.0,0,0
2023-06-13,Chicken Tikka,124.0,40.0,0,Tuesday,,47354.0,33828.0,0,0
2023-03-03,Caesar Salad,186.0,29.0,0,Friday,3.13,44147.0,,0,1
2023-05-15,Tom Yum Soup,194.0,23.8,0,Monday,1.64,37616.0,24143.0,0,0
2023-07-31,Vegetable Stir Fry,,34.1,0,Monday,3.06,27261.0,23164.0,0,0
2023-07-16,Vegetable Stir Fry,197.0,34.2,0,Sunday,,28932.0,24121.0,0,0
2023-08-15,Thai Green Curry,100.0,33.9,0,Tuesday,2.38,42743.0,30168.0,1,0
2023-12-02,Samsa,185.0,3.8,0,Saturday,3.08,16816.0,9221.0,0,0
2023-04-11,Seafood Paella,,17.0,0,Tuesday,1.37,54509.0,,0,0
2023-05-07,Beef Steak,186.0,16.3,1,Sunday,,67341.0,56093.0,0,1
2023-10-09,Caesar Salad,,12.6,0,Monday,1.76,45788.0,,1,0
2023-11-03,Sushi Set,107.0,,0,Friday,1.55,55542.0,48127.0,0,0
2023-12-26,Caesar Salad,257.0,1.9,1,Tuesday,,36587.0,27502.0,0,1
2023-07-15,Shashlik,131.0,31.9,0,Saturday,2.47,41081.0,34153.0,0,0
2023-03-11,Samsa,115.0,19.5,0,Saturday,2.49,14740.0,10663.0,0,0
2023-03-30,Plov,190.0,10.5,0,Thursday,4.26,,25490.0,1,0
2023-06-07,Pasta Carbonara,195.0,39.4,0,Wednesday,3.21,39160.0,30547.0,0,0
2023-03-31,Pasta Carbonara,140.0,20.9,0,Friday,2.23,36691.0,,1,1
2023-03-17,Sushi Set,168.0,23.5,0,Friday,2.59,57980.0,47636.0,0,0
2023-05-31,Samsa,225.0,19.9,0,Wednesday,2.1,13027.0,9900.0,0,0
2023-05-10,Margherita Pizza,,24.0,0,Wednesday,2.72,40902.0,32911.0,0,0
2023-03-11,Samsa,,27.1,0,Saturday,7.64,,10768.0,0,1
2023-06-29,Mushroom Risotto,131.0,29.9,0,Thursday,3.52,38035.0,29996.0,0,1
2023-03-04,Shashlik,324.0,10.3,0,Saturday,,48958.0,,0,1
2023-10-04,Samsa,163.0,12.1,0,Wednesday,2.11,16672.0,9836.0,0,0
2023-01-01,Seafood Paella,335.0,0.3,1,Sunday,10.19,,48739.0,0,1
2023-12-25,Caesar Salad,144.0,-12.5,1,Monday,2.92,36002.0,28087.0,0,0
2023-06-03,Beef Steak,277.0,27.7,0,Saturday,4.46,81308.0,57725.0,0,0
2023-05-25,Sushi Set,89.0,11.6,0,Thursday,1.58,,45569.0,1,0
2023-03-07,Tom Yum Soup,192.0,25.9,0,Tuesday,,36900.0,,0,1
2023-04-14,Pasta Carbonara,185.0,21.7,0,Friday,3.36,41912.0,,1,0
2023-07-29,Grilled Chicken,129.0,27.8,0,Saturday,2.89,55846.0,34269.0,0,0
2023-08-27,Thai Green Curry,256.0,29.5,0,Sunday,3.19,,31946.0,0,0
2023-06-20,Grilled Chicken,81.0,41.9,0,Tuesday,1.93,,40934.0,0,0
2023-03-03,Thai Green Curry,181.0,26.1,0,Friday,4.3,34543.0,29099.0,0,1
2023-07-14,Burger & Fries,158.0,34.2,0,Friday,3.43,37187.0,30070.0,1,1
2023-10-31,Tom Yum Soup,185.0,26.1,0,Tuesday,4.69,32256.0,27150.0,1,0
2023-11-07,Chicken Tikka,249.0,17.5,0,Tuesday,4.96,39645.0,32448.0,0,1
2023-03-13,Mushroom Risotto,,9.6,0,Monday,4.82,33583.0,,1,1
2023-08-30,Mushroom Risotto,155.0,28.7,0,Wednesday,2.68,40214.0,30198.0,0,0
2023-02-06,Lagman,197.0,0.6,0,Monday,4.95,29966.0,22195.0,1,0
2023-01-17,Tom Yum Soup,234.0,1.1,0,Tuesday,4.92,31468.0,23124.0,1,1
2023-04-06,Grilled Chicken,,20.8,0,Thursday,,50054.0,40789.0,0,0
2023-09-05,Thai Green Curry,167.0,14.3,0,Tuesday,3.41,38855.0,29672.0,1,0
2023-10-06,Manti,223.0,6.8,0,Friday,3.95,26350.0,19578.0,0,0
2023-01-08,Beef Steak,189.0,2.5,0,Sunday,2.54,,56072.0,0,0
2023-09-11,Shashlik,,15.5,0,Monday,2.76,48543.0,37637.0,0,0
2023-03-18,Fish and Chips,188.0,12.4,0,Saturday,3.99,48440.0,35011.0,0,0
2023-08-28,Lamb Kebab,,,0,Monday,1.05,49744.0,37917.0,1,0
2023-02-18,Plov,125.0,-3.1,0,Saturday,1.95,39924.0,30425.0,1,1
2023-05-03,Seafood Paella,217.0,16.8,0,Wednesday,,66693.0,44057.0,1,0
2023-06-28,Sushi Set,175.0,37.9,0,Wednesday,,68728.0,51030.0,0,0
2023-12-29,Vegetable Stir Fry,248.0,,0,Friday,4.83,28568.0,22191.0,0,0
2023-09-16,Lagman,231.0,,0,Saturday,2.52,26048.0,19936.0,1,0
2023-02-28,Lagman,227.0,-1.7,0,Tuesday,2.25,31891.0,23924.0,1,0
2023-11-13,Seafood Paella,127.0,7.1,0,Monday,2.63,52199.0,49284.0,1,1
2023-07-07,Pasta Carbonara,71.0,40.3,0,Friday,1.15,,32065.0,0,0
2023-02-18,Fish and Chips,197.0,-4.4,0,Saturday,3.7,39094.0,32031.0,0,0
2023-08-18,Manti,238.0,32.2,0,Friday,,,19368.0,0,1
2023-04-14,Seafood Paella,89.0,12.0,0,Friday,1.14,51238.0,,0,1
2023-09-28,Plov,134.0,14.9,0,Thursday,2.65,34048.0,,0,1
2023-12-03,Fish and Chips,209.0,-6.1,0,Sunday,,48042.0,,0,0
2023-01-25,Caesar Salad,109.0,-15.0,0,Wednesday,1.75,34406.0,28868.0,0,0
2023-03-09,Shashlik,245.0,16.9,0,Thursday,5.08,44425.0,34238.0,1,1
2023-09-04,Caesar Salad,124.0,28.9,0,Monday,,37835.0,29286.0,0,0
2023-04-09,Seafood Paella,310.0,17.5,0,Sunday,6.97,,,1,0
2023-08-16,Chicken Tikka,249.0,33.8,0,Wednesday,6.98,43786.0,,0,0
2023-09-13,Tom Yum Soup,119.0,14.0,0,Wednesday,2.47,38128.0,,0,1
2023-08-09,Fish and Chips,,,0,Wednesday,4.88,40247.0,37295.0,0,0
2023-08-04,Chicken Tikka,178.0,35.7,0,Friday,4.21,,30283.0,1,0
2023-07-03,Beef Steak,83.0,,0,Monday,1.73,69654.0,55004.0,1,0
2023-08-23,Caesar Salad,91.0,36.9,0,Wednesday,2.09,40333.0,32998.0,0,0
2023-04-29,Manti,,10.5,0,Saturday,8.96,23838.0,18985.0,1,0
2023-04-12,Mushroom Risotto,86.0,19.3,0,Wednesday,1.99,35886.0,29721.0,1,0
2023-01-22,Vegetable Stir Fry,,-3.1,0,Sunday,5.52,30015.0,22992.0,1,0
2023-08-20,Shashlik,148.0,34.8,0,Sunday,4.8,43604.0,38178.0,0,1
2023-11-04,Caesar Salad,179.0,26.2,0,Saturday,3.48,39484.0,28741.0,0,0
2023-07-10,Chicken Tikka,107.0,28.2,0,Monday,2.43,38869.0,30997.0,1,0
2023-12-08,Seafood Paella,250.0,-9.6,0,Friday,3.22,52254.0,48540.0,1,1
2023-08-23,Tom Yum Soup,88.0,41.1,0,Wednesday,1.78,39304.0,27077.0,0,0
2023-12-01,Lagman,159.0,-3.0,0,Friday,2.59,31583.0,24171.0,0,1
2023-07-11,Caesar Salad,177.0,21.9,0,Tuesday,3.63,,29380.0,0,0
2023-08-05,Chicken Tikka,,31.9,0,Saturday,4.22,40337.0,31203.0,0,0
2023-02-02,Shashlik,,-3.4,0,Thursday,3.9,40346.0,31737.0,0,0
2023-04-27,Sushi Set,,19.1,0,Thursday,,59391.0,53575.0,0,1
2023-09-14,Caesar Salad,88.0,15.4,0,Thursday,2.19,36759.0,28278.0,1,0
2023-04-04,Beef Steak,166.0,17.3,0,Tuesday,2.52,64405.0,61121.0,0,1
2023-07-20,Mushroom Risotto,156.0,34.9,0,Thursday,3.53,34573.0,28749.0,0,0
2023-08-01,Mushroom Risotto,139.0,39.4,0,Tuesday,2.52,39883.0,28129.0,1,0
2023-11-10,Plov,86.0,15.3,0,Friday,,29940.0,29639.0,0,0
2023-09-11,Tom Yum Soup,133.0,15.8,0,Monday,2.99,33111.0,27067.0,0,1
2023-02-26,Burger & Fries,,,0,Sunday,2.86,,,0,0
2023-01-14,Beef Steak,140.0,-0.3,0,Saturday,2.24,82257.0,61525.0,0,0
2023-03-20,Samsa,321.0,16.2,1,Monday,11.89,13109.0,10553.0,0,1
2023-01-04,Tom Yum Soup,147.0,3.7,0,Wednesday,,29960.0,23204.0,0,0
2023-07-05,Tom Yum Soup,176.0,35.3,0,Wednesday,5.34,38426.0,25440.0,1,0
2023-09-27,Sushi Set,79.0,28.1,0,Wednesday,0.92,,46457.0,0,0
2023-10-11,Thai Green Curry,221.0,,0,Wednesday,,35202.0,31306.0,1,0
2023-06-30,Fish and Chips,142.0,38.5,0,Friday,1.35,38757.0,31469.0,0,0
2023-10-06,Manti,223.0,6.8,0,Friday,3.95,26350.0,19578.0,0,0
2023-03-07,Caesar Salad,172.0,20.5,0,Tuesday,1.77,39478.0,28310.0,1,0
2023-10-08,Shashlik,179.0,11.3,0,Sunday,3.74,,34541.0,1,0
2023-11-12,Lamb Kebab,332.0,19.0,0,Sunday,4.29,57389.0,41250.0,0,0
2023-12-11,Mushroom Risotto,132.0,4.9,0,Monday,1.37,41515.0,,0,0
2023-05-02,Grilled Chicken,170.0,11.9,0,Tuesday,2.15,44506.0,40931.0,0,0
2023-11-27,Caesar Salad,,19.9,0,Monday,2.25,40758.0,27973.0,1,0
2023-06-27,Pasta Carbonara,,29.7,0,Tuesday,1.53,41130.0,30644.0,0,0
2023-05-07,Fish and Chips,250.0,16.5,0,Sunday,,,32751.0,0,0
2023-04-17,Grilled Chicken,218.0,18.5,0,Monday,,49587.0,36790.0,1,0
2023-07-25,Sushi Set,95.0,,0,Tuesday,2.1,,46325.0,1,1
2023-01-03,Beef Steak,198.0,-6.2,1,Tuesday,1.62,75327.0,60423.0,1,0
2023-06-06,Manti,141.0,32.9,0,Tuesday,1.61,,18192.0,0,0
2023-09-20,Grilled Chicken,125.0,20.1,0,Wednesday,,43922.0,38335.0,1,0
2023-02-18,Grilled Chicken,192.0,3.6,0,Saturday,3.48,55582.0,38340.0,0,0
2023-12-11,Caesar Salad,73.0,,0,Monday,0.93,44330.0,29930.0,0,0
2023-05-09,Samsa,221.0,20.4,0,Tuesday,3.84,17063.0,,1,1
2023-06-12,Caesar Salad,209.0,40.2,0,Monday,4.84,40067.0,27462.0,0,1
2023-01-07,Beef Steak,,-8.1,0,Saturday,1.24,80616.0,52553.0,0,0
2023-08-15,Beef Steak,239.0,34.4,0,Tuesday,2.24,82850.0,60572.0,0,0
2023-04-16,Plov,,18.1,0,Sunday,1.7,34002.0,30416.0,1,0
2023-02-07,Sushi Set,125.0,,0,Tuesday,1.22,61633.0,52809.0,0,1
2023-07-25,Plov,139.0,39.0,0,Tuesday,5.32,29893.0,27007.0,1,1
2023-12-03,Fish and Chips,190.0,4.6,0,Sunday,3.39,,32104.0,1,0
2023-10-17,Mushroom Risotto,299.0,15.0,1,Tuesday,8.34,,26877.0,0,0
2023-10-24,Seafood Paella,,10.1,1,Tuesday,,56804.0,48835.0,1,0
2023-01-13,Lagman,,-1.1,0,Friday,2.98,,20797.0,0,0
2023-03-07,Caesar Salad,134.0,12.9,0,Tuesday,2.65,38172.0,31577.0,0,1
2023-01-13,Seafood Paella,,-3.6,0,Friday,1.46,51909.0,46492.0,0,0
2023-02-27,Fish and Chips,102.0,-8.9,0,Monday,0.81,41319.0,32134.0,0,1
2023-02-28,Margherita Pizza,,3.4,0,Tuesday,4.35,41884.0,31393.0,0,0
2023-10-28,Seafood Paella,174.0,6.8,0,Saturday,1.89,58543.0,40652.0,1,0
2023-09-30,Caesar Salad,176.0,3.3,0,Saturday,3.17,,31557.0,1,0
2023-08-08,Manti,90.0,38.8,0,Tuesday,1.53,23436.0,18225.0,1,0
2023-01-05,Lamb Kebab,189.0,-5.1,0,Thursday,3.26,62180.0,,0,0
2023-08-23,Fish and Chips,189.0,34.8,0,Wednesday,3.07,47431.0,35149.0,0,0
2023-06-09,Mushroom Risotto,170.0,34.1,0,Friday,5.06,33336.0,28082.0,0,1
2023-04-20,Pasta Carbonara,,19.3,0,Thursday,,37043.0,31147.0,1,1
2023-11-19,Beef Steak,135.0,17.0,0,Sunday,2.82,75120.0,60087.0,1,1
2023-12-04,Fish and Chips,,,0,Monday,3.69,43952.0,33165.0,0,0
2023-10-25,Chicken Tikka,,9.0,0,Wednesday,3.98,40552.0,34341.0,1,0
2023-07-09,Caesar Salad,166.0,33.5,0,Sunday,3.3,,32405.0,0,0
2023-04-21,Samsa,229.0,19.8,0,Friday,2.07,14558.0,10987.0,0,0
2023-01-04,Fish and Chips,146.0,,0,Wednesday,1.98,47581.0,35245.0,0,1
2023-03-04,Lagman,198.0,21.2,0,Saturday,3.32,,21622.0,0,0
2023-02-12,Grilled Chicken,,-3.7,1,Sunday,12.36,43191.0,38333.0,0,0
2023-05-31,Shashlik,171.0,17.9,0,Wednesday,3.93,45807.0,33228.0,1,0
2023-09-07,Shashlik,185.0,7.9,0,Thursday,4.15,40555.0,33370.0,0,0
2023-03-13,Lamb Kebab,132.0,31.5,0,Monday,2.88,,44356.0,1,0
2023-06-01,Vegetable Stir Fry,183.0,34.8,0,Thursday,,28101.0,21861.0,0,1
2023-06-10,Burger & Fries,,33.7,0,Saturday,,40842.0,30339.0,0,0
2023-05-29,Manti,163.0,5.8,0,Monday,3.52,22013.0,16376.0,1,0
2023-10-09,Vegetable Stir Fry,114.0,11.6,0,Monday,2.06,33303.0,22744.0,0,0
2023-08-10,Chicken Tikka,202.0,23.2,0,Thursday,3.67,43101.0,34490.0,1,0
2023-03-26,Thai Green Curry,,13.6,0,Sunday,7.56,34200.0,32241.0,0,0
2023-02-25,Margherita Pizza,216.0,6.9,0,Saturday,4.82,34263.0,31901.0,0,0
2023-10-25,Grilled Chicken,252.0,13.0,0,Wednesday,3.37,44259.0,35484.0,0,1
2023-06-17,Grilled Chicken,217.0,39.4,0,Saturday,2.61,54203.0,38485.0,0,0
2023-04-13,Vegetable Stir Fry,144.0,16.6,0,Thursday,,32087.0,22434.0,1,0
2023-06-10,Lagman,,27.1,0,Saturday,3.78,31499.0,20326.0,0,1
2023-04-27,Samsa,161.0,8.8,0,Thursday,,,9384.0,0,0
2023-01-31,Grilled Chicken,,-10.5,0,Tuesday,,46946.0,41265.0,0,0
2023-08-13,Mushroom Risotto,189.0,38.0,0,Sunday,4.8,34530.0,30648.0,0,0
2023-12-23,Tom Yum Soup,263.0,-0.1,0,Saturday,4.23,35339.0,22879.0,0,0
2023-11-25,Tom Yum Soup,,15.6,0,Saturday,,30407.0,27032.0,0,1
2023-12-15,Fish and Chips,180.0,-6.4,0,Friday,4.02,41524.0,32583.0,0,1
2023-04-08,Beef Steak,201.0,20.0,0,Saturday,3.96,84577.0,57282.0,1,0
2023-08-14,Sushi Set,238.0,24.8,0,Monday,4.55,66106.0,53547.0,0,0
2023-02-28,Tom Yum Soup,90.0,-4.7,0,Tuesday,,34698.0,27405.0,0,0
2023-03-06,Lagman,120.0,20.7,0,Monday,1.1,,21106.0,0,1
2023-09-12,Burger & Fries,149.0,17.8,0,Tuesday,1.29,33750.0,27417.0,0,1
2023-08-08,Pasta Carbonara,174.0,35.6,0,Tuesday,2.04,46964.0,32987.0,0,0
2023-01-07,Lagman,244.0,-0.9,0,Saturday,2.89,31483.0,21292.0,0,0
2023-03-02,Chicken Tikka,,16.0,0,Thursday,,37156.0,34153.0,0,0
2023-06-28,Samsa,227.0,22.2,0,Wednesday,6.16,17100.0,9448.0,1,0
2023-12-12,Plov,241.0,4.5,0,Tuesday,3.12,,28105.0,0,0
2023-03-15,Grilled Chicken,,15.1,0,Wednesday,2.71,,40229.0,0,0
2023-04-04,Shashlik,,18.9,0,Tuesday,1.72,,33439.0,0,0
2023-01-03,Caesar Salad,348.0,1.1,1,Tuesday,5.44,38620.0,27759.0,1,1
2023-12-24,Burger & Fries,124.0,2.4,0,Sunday,,42510.0,29587.0,0,1
2023-10-13,Pasta Carbonara,125.0,4.8,0,Friday,1.13,40715.0,32087.0,0,0
2023-09-12,Chicken Tikka,191.0,17.2,0,Tuesday,1.63,48291.0,30153.0,0,0
2023-11-27,Plov,204.0,,0,Monday,4.56,36596.0,25954.0,1,0
2023-03-16,Plov,224.0,19.9,0,Thursday,3.73,30961.0,27652.0,0,1
2023-06-18,Shashlik,254.0,30.5,0,Sunday,,,36278.0,0,0
2023-05-01,Manti,260.0,27.5,0,Monday,2.6,27176.0,19087.0,1,0
2023-03-24,Manti,,11.0,0,Friday,4.2,23554.0,18167.0,1,0
2023-07-22,Manti,159.0,28.1,0,Saturday,1.8,23952.0,16513.0,0,0
2023-03-16,Caesar Salad,88.0,13.1,0,Thursday,1.3,44519.0,32978.0,1,0
2023-08-26,Manti,154.0,18.8,0,Saturday,4.4,24806.0,,0,0
2023-03-26,Lagman,133.0,19.4,0,Sunday,2.73,30606.0,21458.0,0,0
2023-11-20,Shashlik,,10.9,0,Monday,,50116.0,35502.0,0,0
2023-07-08,Plov,182.0,45.0,0,Saturday,4.75,31100.0,27696.0,1,0
2023-12-01,Mushroom Risotto,113.0,-2.5,0,Friday,2.55,35079.0,,1,1
2023-04-23,Fish and Chips,167.0,6.4,0,Sunday,4.08,47668.0,36921.0,0,0
2023-09-17,Manti,,8.3,0,Sunday,1.62,25796.0,18085.0,0,0
2023-06-28,Seafood Paella,168.0,41.2,0,Wednesday,1.71,57387.0,46014.0,0,0
2023-05-23,Sushi Set,237.0,,0,Tuesday,3.95,71393.0,52877.0,1,0
2023-06-18,Plov,163.0,37.5,0,Sunday,4.25,35383.0,30015.0,0,0
2023-08-03,Grilled Chicken,,40.6,0,Thursday,1.84,53767.0,,1,0
2023-11-26,Lamb Kebab,326.0,,0,Sunday,8.1,62368.0,39871.0,0,1
2023-01-16,Mushroom Risotto,70.0,1.5,0,Monday,1.14,34954.0,26077.0,1,0
2023-05-24,Seafood Paella,201.0,17.9,0,Wednesday,1.95,56292.0,46926.0,0,0
2023-06-30,Samsa,218.0,25.4,0,Friday,4.99,13210.0,10474.0,0,0
2023-08-29,Chicken Tikka,142.0,40.5,0,Tuesday,2.41,38067.0,29747.0,0,0
2023-01-09,Lamb Kebab,237.0,,0,Monday,4.39,54822.0,41016.0,0,0
2023-06-02,Grilled Chicken,149.0,35.8,0,Friday,3.18,47721.0,37025.0,0,1
2023-09-03,Manti,,14.3,0,Sunday,3.22,27206.0,17192.0,0,0
2023-01-20,Grilled Chicken,115.0,-4.4,0,Friday,2.38,45021.0,35092.0,0,0
2023-06-21,Sushi Set,,36.2,0,Wednesday,3.32,57439.0,,0,0
2023-08-08,Seafood Paella,174.0,28.5,0,Tuesday,2.14,51793.0,44045.0,0,0
2023-04-06,Lamb Kebab,230.0,,0,Thursday,4.82,54317.0,43195.0,0,1
2023-10-13,Caesar Salad,253.0,,0,Friday,3.43,44266.0,31986.0,0,1
2023-11-10,Chicken Tikka,,16.0,0,Friday,1.57,42973.0,,1,0
2023-06-05,Samsa,114.0,30.2,0,Monday,2.07,14836.0,9706.0,0,0
2023-04-12,Tom Yum Soup,172.0,18.0,0,Wednesday,1.46,34795.0,23024.0,1,0
2023-09-13,Pasta Carbonara,155.0,10.7,0,Wednesday,3.12,,33854.0,1,1
2023-06-16,Beef Steak,133.0,,1,Friday,5.03,,59587.0,0,0
2023-10-23,Chicken Tikka,124.0,12.4,0,Monday,1.83,38258.0,31372.0,1,0
2023-03-14,Lamb Kebab,,15.6,0,Tuesday,,53817.0,40583.0,0,1
2023-01-09,Caesar Salad,,-3.4,0,Monday,2.04,37804.0,28280.0,0,0
2023-11-22,Lagman,186.0,16.5,0,Wednesday,2.52,29800.0,21363.0,0,0
2023-03-15,Margherita Pizza,211.0,25.0,0,Wednesday,3.98,45800.0,28449.0,0,0
2023-11-01,Caesar Salad,123.0,20.8,0,Wednesday,1.47,37639.0,30222.0,0,1
2023-03-19,Seafood Paella,99.0,,0,Sunday,1.62,52185.0,46099.0,0,0
2023-11-19,Lagman,269.0,14.9,0,Sunday,,33302.0,,0,0
2023-03-28,Samsa,123.0,10.1,0,Tuesday,3.03,16310.0,10203.0,0,0
2023-02-20,Manti,177.0,,0,Monday,3.14,28464.0,,1,0
2023-10-13,Lagman,198.0,9.4,0,Friday,3.97,29565.0,21360.0,0,0
2023-08-21,Vegetable Stir Fry,141.0,45.0,0,Monday,,27247.0,20374.0,1,0
2023-08-04,Vegetable Stir Fry,92.0,32.5,0,Friday,,,22933.0,0,0
2023-06-29,Lamb Kebab,189.0,35.2,0,Thursday,3.78,62543.0,,0,0
2023-07-05,Thai Green Curry,,,0,Wednesday,1.14,,32831.0,0,0
2023-10-22,Vegetable Stir Fry,,16.2,0,Sunday,2.14,34062.0,,0,0
2023-09-20,Caesar Salad,124.0,,0,Wednesday,2.82,43716.0,31174.0,0,0
2023-05-18,Lagman,,17.5,0,Thursday,5.09,29138.0,22136.0,0,0
2023-06-18,Seafood Paella,225.0,30.2,0,Sunday,4.44,66209.0,44786.0,0,1
2023-03-11,Lagman,190.0,17.0,0,Saturday,3.75,29347.0,22638.0,0,0
2023-05-23,Chicken Tikka,,19.2,0,Tuesday,2.36,45725.0,30949.0,1,1
2023-01-02,Chicken Tikka,370.0,,1,Monday,5.42,38422.0,29424.0,0,1
2023-12-04,Lagman,99.0,-6.9,0,Monday,1.68,31367.0,20786.0,0,0
2023-06-15,Mushroom Risotto,,30.4,0,Thursday,6.74,36896.0,,1,0
2023-12-29,Seafood Paella,230.0,-8.9,0,Friday,3.03,54208.0,48819.0,0,0
2023-05-27,Vegetable Stir Fry,464.0,25.9,1,Saturday,6.06,31187.0,23323.0,1,0
2023-05-18,Beef Steak,344.0,14.9,1,Thursday,7.02,68404.0,,0,0
2023-05-17,Lagman,237.0,13.2,0,Wednesday,2.9,26098.0,23060.0,0,1
2023-07-06,Tom Yum Soup,174.0,45.0,0,Thursday,4.06,36448.0,26668.0,1,0
2023-11-26,Margherita Pizza,329.0,,0,Sunday,4.92,38327.0,32234.0,0,0
2023-07-28,Sushi Set,192.0,40.6,0,Friday,1.98,72442.0,46214.0,0,0
2023-01-20,Plov,235.0,0.7,0,Friday,2.55,,30452.0,0,0
2023-06-12,Pasta Carbonara,68.0,39.8,0,Monday,1.32,41662.0,32753.0,0,0
2023-08-06,Grilled Chicken,155.0,25.8,0,Sunday,1.79,51428.0,,0,0
2023-02-11,Samsa,,0.3,0,Saturday,4.43,15724.0,9789.0,0,0
2023-01-23,Lagman,235.0,,0,Monday,1.95,31199.0,21834.0,1,0
2023-07-27,Grilled Chicken,,32.6,1,Thursday,8.19,52304.0,40570.0,0,0
2023-05-08,Tom Yum Soup,179.0,20.2,0,Monday,3.42,,26462.0,0,1
2023-07-23,Samsa,,35.4,1,Sunday,18.46,13986.0,,1,0
2023-01-10,Burger & Fries,236.0,-3.7,0,Tuesday,3.57,36959.0,27813.0,1,0
2023-05-12,Seafood Paella,230.0,,0,Friday,,52454.0,43985.0,0,1
2023-01-29,Vegetable Stir Fry,300.0,1.8,0,Sunday,7.08,29778.0,21399.0,1,1
2023-05-29,Mushroom Risotto,132.0,,0,Monday,2.12,39667.0,25394.0,1,0
2023-08-19,Sushi Set,,36.0,0,Saturday,2.09,60217.0,48518.0,0,1
2023-10-25,Fish and Chips,,,0,Wednesday,1.45,47361.0,32225.0,0,0
2023-06-23,Beef Steak,66.0,,0,Friday,1.37,84544.0,52482.0,0,1
2023-05-07,Caesar Salad,284.0,29.5,0,Sunday,3.62,38803.0,29198.0,0,0
2023-01-10,Shashlik,,0.4,0,Tuesday,3.02,47548.0,35363.0,1,0
2023-10-22,Grilled Chicken,,14.8,0,Sunday,1.77,49127.0,35441.0,0,0
2023-05-06,Burger & Fries,257.0,25.6,0,Saturday,6.46,38422.0,29903.0,0,0
2023-02-24,Sushi Set,97.0,-3.8,0,Friday,0.83,60529.0,51439.0,0,0
2023-03-18,Burger & Fries,214.0,15.3,0,Saturday,6.71,36777.0,27196.0,0,1
2023-11-04,Beef Steak,125.0,,0,Saturday,1.02,74336.0,52756.0,0,0
2023-04-08,Manti,132.0,15.0,0,Saturday,,28580.0,19671.0,1,0
2023-10-23,Seafood Paella,111.0,19.2,0,Monday,1.63,63819.0,45718.0,0,0
2023-11-13,Mushroom Risotto,138.0,14.0,0,Monday,2.55,,27899.0,0,0
2023-01-04,Thai Green Curry,209.0,11.0,0,Wednesday,5.1,40058.0,30259.0,0,1
2023-10-09,Samsa,129.0,10.5,0,Monday,3.62,,9784.0,1,0
2023-04-22,Lamb Kebab,97.0,18.7,0,Saturday,1.53,54567.0,41552.0,1,0
2023-11-24,Burger & Fries,89.0,8.7,0,Friday,0.89,41904.0,,0,0
2023-04-06,Grilled Chicken,136.0,,0,Thursday,3.24,42642.0,34600.0,1,1
2023-10-21,Mushroom Risotto,110.0,,0,Saturday,1.23,,28216.0,1,0
2023-12-02,Lamb Kebab,240.0,,0,Saturday,3.53,57999.0,41575.0,1,0
2023-05-23,Sushi Set,147.0,12.0,0,Tuesday,1.69,,48753.0,1,1
2023-01-16,Vegetable Stir Fry,81.0,8.8,0,Monday,1.95,30602.0,,1,0
2023-10-08,Seafood Paella,114.0,11.9,0,Sunday,,62159.0,45320.0,0,0
2023-05-21,Fish and Chips,134.0,,0,Sunday,1.89,,36274.0,0,0
2023-08-21,Lamb Kebab,,28.8,0,Monday,,50939.0,39873.0,1,0
2023-08-04,Vegetable Stir Fry,196.0,33.3,0,Friday,2.15,32261.0,23746.0,0,0
2023-01-15,Sushi Set,259.0,-2.2,0,Sunday,3.0,67599.0,53107.0,0,0
2023-08-18,Manti,,,0,Friday,2.72,28356.0,18960.0,0,0
2023-07-20,Thai Green Curry,130.0,34.4,0,Thursday,3.24,41233.0,,0,1
2023-08-16,Lamb Kebab,,36.9,0,Wednesday,5.87,53911.0,38544.0,1,1
2023-10-15,Plov,173.0,,0,Sunday,4.88,31385.0,28263.0,0,0
2023-08-01,Samsa,97.0,40.5,0,Tuesday,2.33,14244.0,10488.0,0,0
2023-04-16,Caesar Salad,256.0,17.7,0,Sunday,,45724.0,27611.0,0,0
2023-10-11,Vegetable Stir Fry,198.0,,0,Wednesday,,33852.0,,0,0
2023-11-04,Grilled Chicken,251.0,,0,Saturday,4.15,47588.0,38338.0,0,0
2023-06-07,Mushroom Risotto,,,0,Wednesday,4.21,,30702.0,0,1
2023-11-06,Lagman,205.0,9.4,0,Monday,2.18,28651.0,20166.0,0,0
2023-12-20,Chicken Tikka,128.0,1.6,0,Wednesday,,40287.0,33068.0,0,0
2023-09-07,Sushi Set,130.0,15.3,0,Thursday,1.09,61900.0,,0,1
2023-02-07,Chicken Tikka,121.0,-0.7,0,Tuesday,,44133.0,34122.0,0,0
2023-07-08,Sushi Set,141.0,36.1,0,Saturday,4.01,68567.0,51373.0,0,0
2023-11-13,Samsa,188.0,14.3,0,Monday,2.78,12859.0,,1,0
2023-05-29,Pasta Carbonara,241.0,22.9,0,Monday,5.48,,32370.0,0,0
2023-02-04,Plov,156.0,8.7,0,Saturday,,35809.0,30088.0,0,1
2023-09-04,Mushroom Risotto,245.0,13.7,0,Monday,3.72,40350.0,28192.0,0,0
2023-05-22,Pasta Carbonara,,26.0,1,Monday,7.88,47184.0,29834.0,0,1
2023-04-08,Fish and Chips,244.0,26.6,0,Saturday,4.11,47133.0,30654.0,1,0
2023-12-04,Tom Yum Soup,,-1.7,0,Monday,4.75,33331.0,,1,0
2023-05-31,Beef Steak,111.0,5.3,0,Wednesday,1.87,,59980.0,1,0
2023-09-10,Beef Steak,250.0,,0,Sunday,5.66,77161.0,57232.0,0,1
2023-11-11,Vegetable Stir Fry,157.0,,0,Saturday,4.08,28862.0,20742.0,0,1
2023-11-03,Lamb Kebab,,11.0,0,Friday,,,44661.0,1,0
2023-10-15,Manti,289.0,6.7,0,Sunday,4.88,27244.0,17302.0,0,0
2023-09-25,Margherita Pizza,95.0,15.6,0,Monday,1.82,37762.0,32032.0,1,0
2023-09-22,Samsa,120.0,18.9,0,Friday,1.99,17212.0,,1,0
2023-08-21,Fish and Chips,162.0,30.7,0,Monday,,46397.0,33033.0,1,0
2023-06-16,Seafood Paella,67.0,45.0,0,Friday,1.63,52681.0,44469.0,0,0
2023-08-21,Shashlik,190.0,36.7,0,Monday,3.6,46809.0,35279.0,0,0
2023-11-30,Sushi Set,233.0,11.0,0,Thursday,3.9,59410.0,48850.0,0,0
2023-11-26,Lamb Kebab,175.0,14.2,0,Sunday,2.87,53104.0,,0,0
2023-07-13,Seafood Paella,103.0,34.7,0,Thursday,2.81,53277.0,44789.0,1,0
2023-06-04,Lamb Kebab,279.0,37.2,0,Sunday,10.27,,38947.0,1,1
2023-03-28,Grilled Chicken,136.0,17.6,0,Tuesday,2.6,,,0,1
2023-04-25,Plov,359.0,22.7,1,Tuesday,,,25512.0,1,0
2023-09-10,Thai Green Curry,188.0,9.0,0,Sunday,,45882.0,29248.0,0,0
2023-10-02,Lagman,148.0,12.0,0,Monday,2.98,27754.0,21169.0,0,0
2023-07-02,Pasta Carbonara,198.0,38.7,0,Sunday,4.56,41969.0,29790.0,0,0
2023-08-27,Mushroom Risotto,,35.7,0,Sunday,3.31,40495.0,30105.0,0,1
2023-09-15,Sushi Set,164.0,14.1,0,Friday,1.85,73324.0,47136.0,0,1
2023-02-17,Thai Green Curry,113.0,-1.0,0,Friday,1.49,44435.0,27528.0,1,0
2023-11-20,Mushroom Risotto,130.0,18.0,0,Monday,1.97,,29054.0,1,0
2023-11-16,Chicken Tikka,123.0,21.0,0,Thursday,3.14,46029.0,30933.0,1,0
2023-06-15,Pasta Carbonara,105.0,,0,Thursday,1.95,46032.0,33247.0,0,0
2023-02-24,Margherita Pizza,141.0,-7.9,0,Friday,2.06,38219.0,27377.0,1,1
2023-08-16,Shashlik,196.0,40.8,0,Wednesday,4.95,,32688.0,0,1
2023-08-29,Sushi Set,227.0,32.0,0,Tuesday,4.94,65297.0,49911.0,1,0
2023-08-28,Vegetable Stir Fry,136.0,39.1,1,Monday,3.69,33558.0,20515.0,1,1
2023-06-20,Samsa,224.0,32.0,0,Tuesday,,16884.0,10580.0,0,1
2023-10-28,Seafood Paella,174.0,6.8,0,Saturday,1.89,58543.0,40652.0,1,0
2023-12-01,Lamb Kebab,210.0,-3.5,0,Friday,3.59,,,0,0
2023-01-10,Grilled Chicken,136.0,-6.6,0,Tuesday,1.09,57196.0,36238.0,0,1
2023-07-17,Seafood Paella,203.0,44.7,0,Monday,4.79,,42490.0,0,0
2023-12-20,Samsa,72.0,-0.2,0,Wednesday,0.54,,9248.0,0,0
2023-03-25,Plov,295.0,9.1,0,Saturday,,39557.0,27033.0,1,0
2023-12-10,Manti,221.0,2.6,0,Sunday,4.7,26780.0,18043.0,0,0
2023-09-12,Vegetable Stir Fry,,14.6,1,Tuesday,7.43,30624.0,23704.0,0,0
2023-09-27,Lamb Kebab,109.0,16.0,0,Wednesday,1.12,55462.0,41254.0,0,0
2023-12-10,Mushroom Risotto,144.0,,0,Sunday,3.72,39640.0,28283.0,0,0
2023-05-30,Sushi Set,,17.2,0,Tuesday,0.72,71962.0,49151.0,0,1
2023-12-02,Sushi Set,105.0,-1.6,0,Saturday,,,49458.0,0,0
2023-03-07,Mushroom Risotto,99.0,10.8,0,Tuesday,1.82,34257.0,28167.0,0,0
2023-08-07,Shashlik,94.0,35.7,0,Monday,1.65,44285.0,34722.0,1,0
2023-12-24,Beef Steak,182.0,-3.7,0,Sunday,4.11,70308.0,61140.0,1,0
2023-05-13,Thai Green Curry,184.0,16.8,0,Saturday,3.74,40533.0,32776.0,0,0
2023-12-02,Chicken Tikka,203.0,-0.3,0,Saturday,4.05,42916.0,34044.0,0,0
2023-07-19,Mushroom Risotto,,23.3,0,Wednesday,2.58,34664.0,30386.0,0,0
2023-09-24,Burger & Fries,,14.3,0,Sunday,2.5,40439.0,30378.0,0,0
2023-12-11,Shashlik,238.0,-3.9,0,Monday,,49832.0,31563.0,0,1
2023-12-22,Shashlik,,-5.2,0,Friday,,44731.0,34112.0,0,0
2023-02-14,Samsa,,-1.4,0,Tuesday,1.75,12999.0,9005.0,0,0
2023-08-20,Vegetable Stir Fry,219.0,35.2,0,Sunday,6.05,28237.0,23191.0,0,0
2023-08-31,Sushi Set,112.0,34.5,0,Thursday,1.28,55504.0,46717.0,0,0
2023-05-09,Seafood Paella,,,0,Tuesday,2.64,52808.0,45082.0,0,1
2023-03-21,Shashlik,340.0,21.1,1,Tuesday,10.26,44226.0,38142.0,0,0
2023-02-28,Shashlik,238.0,1.7,0,Tuesday,5.56,40329.0,33356.0,0,0
2023-04-02,Sushi Set,271.0,25.6,0,Sunday,3.03,60174.0,52454.0,0,0
2023-11-10,Burger & Fries,143.0,2.9,0,Friday,2.28,35680.0,26091.0,0,0
2023-03-30,Plov,251.0,12.7,0,Thursday,2.24,33597.0,27418.0,0,0
2023-06-15,Sushi Set,100.0,44.6,0,Thursday,2.11,66657.0,51892.0,1,0
2023-05-26,Sushi Set,,25.4,0,Friday,,58304.0,54529.0,0,0
2023-01-14,Manti,240.0,0.7,0,Saturday,4.61,27657.0,17972.0,0,0
2023-06-20,Vegetable Stir Fry,222.0,29.8,0,Tuesday,2.36,26733.0,23593.0,1,1
2023-05-23,Tom Yum Soup,77.0,,0,Tuesday,,36556.0,24565.0,1,1
2023-12-17,Lagman,264.0,-7.1,0,Sunday,3.76,27773.0,24013.0,0,0
2023-02-05,Caesar Salad,,-6.3,0,Sunday,1.3,38774.0,32816.0,1,0
2023-09-06,Tom Yum Soup,134.0,21.2,0,Wednesday,2.23,31508.0,24395.0,0,0
2023-12-09,Fish and Chips,240.0,-6.3,0,Saturday,3.09,42715.0,35733.0,1,0
2023-03-01,Samsa,188.0,11.5,0,Wednesday,,14350.0,,0,0
2023-07-23,Lamb Kebab,,28.7,0,Sunday,2.15,58388.0,41549.0,0,0
2023-12-08,Thai Green Curry,,,0,Friday,2.52,40507.0,,0,0
2023-04-24,Vegetable Stir Fry,107.0,15.5,0,Monday,,27106.0,23130.0,0,0
2023-04-26,Shashlik,98.0,26.2,0,Wednesday,1.47,43993.0,36788.0,0,0
2023-05-25,Pasta Carbonara,,16.6,0,Thursday,4.74,45413.0,,0,0
2023-10-19,Lamb Kebab,201.0,16.6,0,Thursday,4.24,55207.0,40049.0,0,0
2023-12-21,Samsa,101.0,2.6,0,Thursday,2.25,15514.0,10047.0,0,0
2023-09-28,Burger & Fries,119.0,16.6,0,Thursday,2.48,37297.0,,0,0
2023-06-22,Beef Steak,122.0,30.4,0,Thursday,2.97,78685.0,53515.0,0,1
2023-02-05,Samsa,124.0,-9.0,0,Sunday,1.77,14809.0,9517.0,0,1
2023-04-28,Manti,206.0,,0,Friday,1.81,21962.0,19621.0,0,0
2023-06-03,Lagman,145.0,45.0,0,Saturday,4.43,30181.0,23549.0,0,0
2023-11-02,Lamb Kebab,151.0,16.3,0,Thursday,2.74,61433.0,46132.0,1,1
2023-11-02,Pasta Carbonara,107.0,,0,Thursday,1.54,36492.0,,1,0
2023-09-17,Fish and Chips,319.0,22.9,0,Sunday,6.11,51355.0,32386.0,1,0
2023-03-20,Mushroom Risotto,120.0,,1,Monday,,35178.0,25205.0,0,1
2023-01-02,Caesar Salad,149.0,-12.9,1,Monday,1.85,36495.0,,1,0
2023-09-01,Burger & Fries,154.0,7.2,1,Friday,3.57,38923.0,29287.0,0,0
2023-12-29,Samsa,108.0,2.5,0,Friday,1.02,16964.0,,1,0
2023-01-26,Pasta Carbonara,98.0,-4.7,0,Thursday,1.58,45128.0,,1,0
2023-08-07,Grilled Chicken,182.0,34.8,0,Monday,,46464.0,35760.0,0,0
2023-04-27,Samsa,161.0,,0,Thursday,1.6,15325.0,9384.0,0,0
2023-03-29,Pasta Carbonara,110.0,18.2,0,Wednesday,2.05,45101.0,33933.0,0,0
2023-05-28,Lamb Kebab,,19.9,0,Sunday,2.72,,43045.0,1,1
2023-09-03,Thai Green Curry,273.0,25.3,0,Sunday,4.77,40246.0,29350.0,1,0
2023-07-25,Margherita Pizza,144.0,39.2,0,Tuesday,2.3,36631.0,31237.0,0,0
2023-07-03,Mushroom Risotto,238.0,34.9,0,Monday,,37564.0,30297.0,0,1
2023-05-07,Lagman,174.0,,0,Sunday,2.72,31694.0,,0,1
2023-09-28,Lagman,223.0,12.5,0,Thursday,2.65,34367.0,,0,0
2023-03-17,Samsa,144.0,17.8,0,Friday,3.78,17132.0,10088.0,1,0
2023-01-04,Samsa,265.0,-1.5,0,Wednesday,2.44,13230.0,10633.0,0,0
2023-08-07,Beef Steak,153.0,,0,Monday,2.9,77473.0,62924.0,0,0
2023-03-20,Sushi Set,,22.6,1,Monday,6.24,68529.0,46896.0,0,1
2023-03-10,Shashlik,80.0,17.6,0,Friday,0.7,51742.0,31837.0,0,0
2023-10-04,Seafood Paella,210.0,10.7,0,Wednesday,5.31,55404.0,48197.0,1,1
2023-08-18,Tom Yum Soup,202.0,32.0,0,Friday,5.61,34943.0,,1,0
2023-02-01,Fish and Chips,198.0,-2.6,0,Wednesday,,48696.0,,0,0
2023-09-11,Manti,134.0,,0,Monday,3.14,23492.0,17339.0,1,0
2023-07-14,Seafood Paella,250.0,32.5,0,Friday,3.92,61834.0,42514.0,0,0
2023-09-01,Burger & Fries,201.0,11.2,1,Friday,4.17,42925.0,29216.0,0,0
2023-07-11,Margherita Pizza,223.0,39.6,0,Tuesday,,35082.0,,0,0
2023-12-28,Thai Green Curry,252.0,,0,Thursday,2.25,45135.0,29724.0,0,0
2023-10-04,Mushroom Risotto,221.0,21.8,0,Wednesday,4.81,36742.0,29352.0,0,0
2023-06-25,Shashlik,388.0,43.5,1,Sunday,,,35337.0,0,1
2023-04-23,Beef Steak,119.0,26.3,0,Sunday,1.15,76602.0,57682.0,0,1
2023-09-06,Tom Yum Soup,223.0,,0,Wednesday,3.49,,23898.0,0,0
2023-04-03,Grilled Chicken,116.0,19.5,0,Monday,0.95,,40870.0,1,0
2023-08-17,Thai Green Curry,,35.5,0,Thursday,1.64,43698.0,27783.0,0,1
2023-07-22,Grilled Chicken,100.0,45.0,0,Saturday,2.28,45436.0,40483.0,0,0
2023-02-23,Pasta Carbonara,124.0,-7.3,0,Thursday,2.18,,30652.0,0,0
2023-03-27,Manti,,15.5,0,Monday,1.64,,19320.0,0,0
2023-03-28,Manti,180.0,26.0,0,Tuesday,2.05,24736.0,19625.0,1,0
2023-03-24,Lagman,176.0,18.1,0,Friday,2.11,26780.0,21177.0,0,0
2023-06-25,Mushroom Risotto,278.0,38.9,0,Sunday,9.18,39554.0,26602.0,1,0
2023-09-04,Fish and Chips,222.0,14.5,0,Monday,2.59,44873.0,36371.0,1,0
2023-12-05,Chicken Tikka,104.0,,0,Tuesday,2.48,41350.0,30676.0,1,1
2023-04-26,Margherita Pizza,147.0,12.7,0,Wednesday,2.13,45593.0,31993.0,1,0
2023-10-08,Tom Yum Soup,323.0,11.0,0,Sunday,,37754.0,23219.0,0,0
2023-10-13,Manti,,1.7,0,Friday,4.17,,16584.0,1,1
2023-11-23,Pasta Carbonara,110.0,14.1,0,Thursday,2.25,46949.0,35189.0,0,0
2023-09-08,Seafood Paella,83.0,30.9,0,Friday,0.86,64010.0,,0,0
2023-09-09,Chicken Tikka,308.0,17.9,1,Saturday,8.52,41449.0,31269.0,1,0
2023-09-30,Seafood Paella,266.0,21.7,0,Saturday,7.62,58838.0,42752.0,1,1
2023-03-04,Manti,240.0,17.3,0,Saturday,4.75,27238.0,18746.0,0,0
2023-12-14,Thai Green Curry,113.0,,0,Thursday,1.23,,31824.0,0,0
2023-08-09,Lamb Kebab,88.0,30.8,0,Wednesday,2.76,59595.0,38273.0,1,1
2023-10-22,Manti,225.0,15.9,0,Sunday,5.74,23387.0,17602.0,0,0
2023-07-01,Sushi Set,265.0,33.5,0,Saturday,6.04,72923.0,46111.0,0,0
2023-12-20,Tom Yum Soup,109.0,-4.7,0,Wednesday,1.44,30460.0,26039.0,0,0
2023-05-09,Grilled Chicken,,9.3,0,Tuesday,4.2,48075.0,,1,1
2023-05-24,Tom Yum Soup,,21.2,0,Wednesday,3.47,33401.0,26882.0,1,0
2023-10-27,Sushi Set,143.0,15.8,0,Friday,2.88,71105.0,52863.0,1,0
2023-01-18,Pasta Carbonara,161.0,-0.3,0,Wednesday,,35854.0,32599.0,0,0
2023-03-03,Lagman,114.0,14.8,0,Friday,1.82,33802.0,23551.0,0,0
2023-02-12,Caesar Salad,223.0,-8.9,0,Sunday,3.37,40324.0,30369.0,0,0
2023-05-05,Shashlik,72.0,20.5,0,Friday,1.64,39205.0,36122.0,0,0
2023-06-01,Thai Green Curry,220.0,30.1,0,Thursday,,42850.0,29119.0,0,0
2023-03-13,Sushi Set,,15.4,0,Monday,3.08,61067.0,47630.0,0,0
2023-02-23,Fish and Chips,212.0,-5.6,0,Thursday,3.36,42741.0,33580.0,0,0
2023-05-08,Seafood Paella,224.0,12.5,0,Monday,,51782.0,,0,1
2023-02-28,Burger & Fries,219.0,-13.0,0,Tuesday,4.33,36255.0,27388.0,1,0
2023-02-16,Beef Steak,170.0,-1.8,0,Thursday,2.38,73620.0,,0,1
2023-06-10,Margherita Pizza,,31.9,0,Saturday,5.32,36119.0,30292.0,1,0
2023-11-29,Plov,234.0,26.3,0,Wednesday,4.94,40166.0,,0,1
2023-02-05,Seafood Paella,260.0,,0,Sunday,5.81,55715.0,49315.0,0,1
2023-03-25,Sushi Set,166.0,21.6,0,Saturday,1.98,61966.0,,1,0
2023-05-30,Fish and Chips,227.0,,0,Tuesday,4.83,38913.0,31899.0,0,0
2023-10-13,Plov,168.0,16.4,0,Friday,3.87,,27501.0,0,0
2023-01-29,Fish and Chips,337.0,,1,Sunday,12.26,39740.0,33452.0,1,0
2023-11-18,Sushi Set,184.0,7.3,0,Saturday,2.88,64944.0,46347.0,0,0
2023-04-26,Pasta Carbonara,195.0,22.7,0,Wednesday,1.92,45595.0,,0,0
2023-12-21,Beef Steak,82.0,5.8,0,Thursday,1.1,77688.0,57576.0,1,0
2023-01-10,Manti,189.0,-3.0,0,Tuesday,3.02,,,1,1
2023-09-08,Burger & Fries,113.0,12.7,0,Friday,2.34,36236.0,27079.0,0,1
2023-04-28,Tom Yum Soup,182.0,21.2,0,Friday,4.15,39059.0,22620.0,0,0
2023-10-08,Vegetable Stir Fry,239.0,9.6,0,Sunday,4.19,28791.0,23978.0,1,0
2023-06-09,Shashlik,100.0,31.6,0,Friday,1.34,47027.0,32564.0,0,1
2023-10-02,Beef Steak,100.0,,0,Monday,1.5,68664.0,53594.0,0,0
2023-08-31,Margherita Pizza,79.0,37.1,0,Thursday,1.63,38606.0,29794.0,0,1
2023-07-13,Burger & Fries,168.0,38.3,0,Thursday,,,25513.0,0,1
2023-11-13,Mushroom Risotto,235.0,8.7,0,Monday,,,26726.0,1,0
2023-02-26,Vegetable Stir Fry,261.0,-5.7,0,Sunday,3.38,30301.0,19801.0,1,0
2023-03-26,Burger & Fries,99.0,10.7,0,Sunday,2.89,36814.0,30324.0,0,1
2023-07-28,Thai Green Curry,68.0,38.8,0,Friday,1.23,,31144.0,1,1
2023-02-18,Thai Green Curry,103.0,,0,Saturday,1.77,34082.0,29802.0,1,1
2023-11-18,Sushi Set,180.0,21.9,0,Saturday,,,48302.0,1,0
2023-04-16,Beef Steak,182.0,15.6,0,Sunday,5.17,70812.0,60136.0,1,1
2023-08-11,Lagman,65.0,38.1,0,Friday,1.66,33489.0,21344.0,0,0
2023-01-09,Plov,76.0,1.6,0,Monday,1.43,,27542.0,0,0
2023-09-04,Burger & Fries,133.0,18.4,0,Monday,2.56,38647.0,26159.0,0,1
2023-03-12,Plov,287.0,11.4,0,Sunday,6.21,38906.0,26460.0,0,0
2023-12-25,Manti,116.0,-2.2,0,Monday,2.02,28399.0,19451.0,0,0
2023-11-28,Plov,79.0,13.2,0,Tuesday,1.57,35702.0,27168.0,0,0
2023-03-26,Beef Steak,87.0,29.5,0,Sunday,1.08,69407.0,55386.0,0,0
2023-05-25,Caesar Salad,167.0,21.9,0,Thursday,2.56,,27637.0,0,0
2023-06-09,Shashlik,206.0,38.4,0,Friday,3.66,39979.0,33867.0,0,0
2023-03-03,Lagman,228.0,21.4,0,Friday,2.27,,23877.0,0,0
2023-02-05,Margherita Pizza,431.0,-1.3,1,Sunday,16.17,34535.0,27217.0,0,1
2023-03-01,Plov,,19.6,0,Wednesday,2.9,30727.0,30224.0,1,1
2023-11-22,Lamb Kebab,143.0,11.1,0,Wednesday,2.5,58545.0,41410.0,0,0
2023-12-01,Sushi Set,161.0,-10.5,0,Friday,1.38,72066.0,54495.0,0,0
2023-08-15,Beef Steak,154.0,33.9,0,Tuesday,3.17,80471.0,52758.0,1,0
2023-10-16,Fish and Chips,,15.5,0,Monday,1.65,46042.0,35004.0,0,0
2023-02-13,Fish and Chips,201.0,-6.4,0,Monday,,47326.0,35286.0,1,0
2023-10-01,Plov,219.0,,0,Sunday,4.79,40147.0,26372.0,1,0
2023-02-21,Samsa,133.0,-15.0,0,Tuesday,3.03,15114.0,10056.0,0,0
2023-12-16,Margherita Pizza,102.0,-2.2,0,Saturday,0.84,34128.0,29635.0,0,0
2023-12-27,Fish and Chips,237.0,,0,Wednesday,3.66,42668.0,31525.0,1,1
2023-05-27,Mushroom Risotto,129.0,,0,Saturday,1.74,37279.0,,1,0
2023-07-03,Samsa,90.0,36.6,0,Monday,2.8,14866.0,10538.0,1,0
2023-09-15,Manti,185.0,18.0,0,Friday,2.51,27842.0,18916.0,0,1
2023-05-19,Pasta Carbonara,216.0,20.0,0,Friday,4.26,35895.0,30597.0,0,0
2023-12-02,Samsa,271.0,-1.0,0,Saturday,3.23,16709.0,10021.0,1,0
2023-04-20,Mushroom Risotto,101.0,19.3,0,Thursday,0.81,36579.0,26552.0,0,0
2023-10-25,Vegetable Stir Fry,215.0,12.7,0,Wednesday,,27818.0,23859.0,1,1
2023-09-21,Manti,342.0,13.7,1,Thursday,,28303.0,16497.0,1,0
2023-12-12,Burger & Fries,266.0,-2.6,1,Tuesday,8.25,40148.0,25525.0,0,0
2023-05-24,Burger & Fries,266.0,20.2,1,Wednesday,8.81,38406.0,29882.0,0,0
2023-07-01,Beef Steak,258.0,,0,Saturday,7.32,68488.0,,0,0
2023-02-20,Mushroom Risotto,,-6.0,0,Monday,2.22,,30645.0,0,0
2023-05-01,Pasta Carbonara,238.0,27.5,0,Monday,5.02,46803.0,31495.0,0,0
2023-05-20,Manti,239.0,11.8,0,Saturday,5.04,21407.0,17336.0,0,1
2023-01-16,Caesar Salad,181.0,-2.3,0,Monday,,39667.0,32280.0,0,0
2023-01-29,Mushroom Risotto,,,0,Sunday,,38926.0,30033.0,1,1
2023-04-22,Caesar Salad,200.0,,0,Saturday,,45067.0,29555.0,0,0
2023-08-14,Samsa,212.0,26.2,0,Monday,3.48,15167.0,9407.0,1,0
2023-02-18,Plov,125.0,-3.1,0,Saturday,1.95,39924.0,30425.0,1,1
2023-07-04,Chicken Tikka,,33.8,1,Tuesday,,,,0,0
2023-02-13,Caesar Salad,83.0,2.9,0,Monday,0.7,44125.0,29761.0,0,0
2023-12-27,Chicken Tikka,170.0,,0,Wednesday,2.23,,33151.0,0,0
2023-06-29,Manti,,,0,Thursday,1.91,25699.0,17040.0,0,0
2023-02-28,Burger & Fries,219.0,-13.0,0,Tuesday,4.33,36255.0,27388.0,1,0
2023-02-05,Seafood Paella,302.0,-15.0,0,Sunday,3.42,66542.0,47452.0,1,0
2023-04-25,Samsa,,20.7,0,Tuesday,4.28,15868.0,,0,0
2023-12-08,Shashlik,105.0,-7.2,0,Friday,1.42,,33777.0,1,0
2023-06-22,Shashlik,128.0,32.7,0,Thursday,,40465.0,,1,1
2023-02-16,Mushroom Risotto,107.0,6.1,0,Thursday,,42474.0,27682.0,0,0
2023-11-20,Lamb Kebab,,16.1,0,Monday,3.35,52535.0,39828.0,1,0
2023-09-29,Grilled Chicken,172.0,15.5,0,Friday,1.47,53432.0,37554.0,0,0
2023-12-05,Pasta Carbonara,,-1.6,0,Tuesday,1.93,37774.0,28835.0,1,0
2023-11-19,Caesar Salad,148.0,20.5,0,Sunday,2.85,43556.0,30572.0,0,0
2023-03-12,Shashlik,319.0,16.9,0,Sunday,7.53,45726.0,35208.0,0,0
2023-03-03,Margherita Pizza,133.0,,0,Friday,2.51,35377.0,27288.0,0,0
2023-05-12,Samsa,149.0,25.5,0,Friday,1.63,13606.0,10041.0,0,0
2023-02-16,Caesar Salad,143.0,-3.0,0,Thursday,1.35,,27662.0,0,1
2023-06-04,Chicken Tikka,302.0,29.3,0,Sunday,3.61,35886.0,34182.0,0,0
2023-08-19,Burger & Fries,393.0,25.9,1,Saturday,6.67,36933.0,29967.0,0,0
2023-01-22,Fish and Chips,220.0,,0,Sunday,5.44,40475.0,31495.0,0,1
2023-02-05,Fish and Chips,132.0,-7.3,0,Sunday,3.95,40431.0,32004.0,1,0
2023-02-12,Vegetable Stir Fry,199.0,,0,Sunday,3.53,33082.0,20805.0,0,0
2023-12-18,Seafood Paella,,-12.9,0,Monday,2.15,,45859.0,0,0
2023-07-29,Caesar Salad,249.0,40.7,0,Saturday,6.6,34096.0,31551.0,0,1
2023-09-18,Samsa,89.0,11.5,0,Monday,1.13,13196.0,9802.0,1,0
2023-07-18,Pasta Carbonara,133.0,33.4,0,Tuesday,2.71,43734.0,30694.0,1,0
2023-09-22,Sushi Set,129.0,11.9,0,Friday,0.96,72319.0,49154.0,0,1
2023-09-14,Vegetable Stir Fry,140.0,13.5,0,Thursday,3.43,33891.0,22911.0,1,1
2023-07-03,Samsa,204.0,35.9,0,Monday,4.12,,9972.0,0,0
2023-01-16,Pasta Carbonara,127.0,-9.9,0,Monday,2.3,42264.0,31920.0,0,0
2023-01-27,Plov,246.0,,0,Friday,2.58,33002.0,,1,0
2023-02-14,Margherita Pizza,187.0,,0,Tuesday,2.09,34646.0,27073.0,0,0
2023-05-10,Plov,100.0,17.5,0,Wednesday,1.84,38579.0,25415.0,1,0
2023-03-06,Lagman,120.0,20.7,0,Monday,,29705.0,21106.0,0,1
2023-03-29,Pasta Carbonara,210.0,6.1,0,Wednesday,,36001.0,33691.0,0,0
2023-11-26,Caesar Salad,154.0,,0,Sunday,3.95,43980.0,29779.0,1,0
2023-10-14,Manti,191.0,9.7,0,Saturday,2.32,27603.0,17315.0,0,1
2023-10-15,Beef Steak,215.0,7.7,0,Sunday,6.01,68926.0,53723.0,1,1
2023-07-07,Sushi Set,108.0,36.0,0,Friday,1.47,70427.0,54412.0,0,0
2023-10-19,Burger & Fries,197.0,,0,Thursday,3.78,37760.0,28556.0,0,0
2023-01-07,Beef Steak,,,0,Saturday,1.24,,52553.0,0,0
2023-08-15,Thai Green Curry,,35.0,0,Tuesday,2.77,44314.0,29354.0,0,0
2023-12-18,Thai Green Curry,151.0,5.3,0,Monday,2.19,40531.0,32854.0,0,0
2023-10-21,Pasta Carbonara,197.0,2.3,0,Saturday,,40293.0,30194.0,0,0
2023-06-25,Beef Steak,170.0,34.6,0,Sunday,4.81,69173.0,57971.0,1,0
2023-06-28,Grilled Chicken,230.0,31.1,0,Wednesday,3.08,,,0,0
2023-03-28,Shashlik,128.0,17.4,0,Tuesday,2.08,43408.0,35660.0,0,0
2023-08-20,Vegetable Stir Fry,228.0,35.3,0,Sunday,7.85,28814.0,24107.0,0,1
2023-02-01,Burger & Fries,79.0,-5.8,0,Wednesday,0.8,35364.0,28719.0,1,0
2023-05-11,Pasta Carbonara,112.0,15.2,0,Thursday,2.49,36964.0,32856.0,0,0
2023-12-08,Lamb Kebab,173.0,,0,Friday,3.29,59969.0,40968.0,0,0
2023-09-05,Thai Green Curry,167.0,14.3,0,Tuesday,3.41,38855.0,29672.0,1,0
2023-04-21,Seafood Paella,,,0,Friday,2.01,,48090.0,1,0
2023-01-08,Mushroom Risotto,299.0,-1.9,0,Sunday,3.37,36506.0,25958.0,0,1
2023-11-14,Samsa,231.0,4.6,0,Tuesday,2.88,16737.0,10791.0,0,0
2023-10-05,Beef Steak,215.0,10.6,0,Thursday,1.85,85276.0,55673.0,0,1
2023-01-29,Sushi Set,173.0,0.0,0,Sunday,2.99,73087.0,,0,1
2023-06-09,Lagman,201.0,26.3,0,Friday,2.77,27892.0,22642.0,0,1
2023-04-18,Fish and Chips,,26.4,0,Tuesday,2.54,49837.0,36345.0,1,0
2023-05-06,Beef Steak,163.0,11.4,0,Saturday,2.2,70009.0,52914.0,0,0
2023-11-19,Beef Steak,,,0,Sunday,2.82,75120.0,60087.0,1,1
2023-08-20,Fish and Chips,220.0,39.4,0,Sunday,3.79,41975.0,33463.0,0,0
2023-06-01,Shashlik,111.0,25.9,0,Thursday,1.28,44592.0,34688.0,1,0
2023-05-07,Grilled Chicken,,21.6,0,Sunday,2.59,47962.0,40677.0,1,0
2023-08-03,Sushi Set,178.0,39.3,0,Thursday,2.02,59264.0,,0,0
2023-07-18,Lamb Kebab,,35.1,0,Tuesday,2.76,50338.0,40607.0,0,1
2023-06-09,Shashlik,100.0,31.6,0,Friday,1.34,,32564.0,0,1
2023-01-24,Seafood Paella,81.0,3.3,0,Tuesday,1.07,58340.0,,0,1
2023-07-17,Margherita Pizza,186.0,43.0,0,Monday,,37275.0,27014.0,1,0
2023-08-18,Chicken Tikka,137.0,,1,Friday,5.92,41703.0,34257.0,0,1
2023-02-07,Beef Steak,179.0,-8.1,0,Tuesday,1.97,70796.0,54274.0,0,0
2023-02-26,Seafood Paella,233.0,3.9,0,Sunday,3.63,57677.0,47449.0,0,0
2023-03-07,Vegetable Stir Fry,148.0,21.5,0,Tuesday,1.94,27073.0,23565.0,0,0
2023-07-15,Samsa,,38.8,0,Saturday,5.35,12792.0,10617.0,1,0
2023-02-18,Seafood Paella,301.0,,0,Saturday,3.89,62303.0,46568.0,1,1
2023-01-31,Lamb Kebab,91.0,-1.9,0,Tuesday,,,39008.0,1,0
2023-11-13,Seafood Paella,107.0,17.3,0,Monday,2.64,59336.0,41918.0,1,1
2023-06-26,Caesar Salad,214.0,22.0,0,Monday,4.28,,27296.0,0,0
2023-02-20,Manti,177.0,-6.3,0,Monday,3.14,28464.0,18802.0,1,0
2023-05-07,Vegetable Stir Fry,229.0,29.0,0,Sunday,4.41,32244.0,22316.0,0,0
2023-09-21,Caesar Salad,132.0,23.5,0,Thursday,1.12,35139.0,32993.0,1,0
2023-01-21,Lamb Kebab,143.0,-4.4,0,Saturday,2.51,53692.0,43736.0,0,0
2023-07-15,Lagman,205.0,34.0,0,Saturday,4.09,27019.0,,0,0
2023-01-08,Plov,262.0,2.0,0,Sunday,3.55,37423.0,26074.0,0,0
2023-10-12,Shashlik,218.0,8.2,0,Thursday,2.25,,35690.0,1,0
2023-10-07,Pasta Carbonara,91.0,13.5,0,Saturday,1.79,39752.0,29645.0,0,1
2023-04-26,Seafood Paella,104.0,18.1,0,Wednesday,2.01,62819.0,42663.0,0,0
2023-02-17,Mushroom Risotto,231.0,2.4,0,Friday,5.07,42558.0,27149.0,1,0
2023-10-30,Caesar Salad,,,0,Monday,,36209.0,32042.0,0,0
2023-05-30,Chicken Tikka,168.0,7.6,0,Tuesday,2.03,45388.0,35162.0,0,0
2023-05-07,Caesar Salad,284.0,29.5,0,Sunday,3.62,38803.0,29198.0,0,0
2023-01-23,Beef Steak,171.0,,0,Monday,3.02,,60173.0,0,0
2023-02-28,Lamb Kebab,115.0,2.1,0,Tuesday,2.05,48227.0,41443.0,0,0
2023-09-15,Caesar Salad,231.0,13.6,0,Friday,1.87,34009.0,32953.0,0,0
2023-10-28,Mushroom Risotto,141.0,18.1,0,Saturday,2.02,,27086.0,0,0
2023-01-04,Manti,165.0,1.4,0,Wednesday,3.41,22398.0,16235.0,0,0
2023-09-28,Grilled Chicken,167.0,22.6,0,Thursday,1.33,50961.0,38251.0,0,0
2023-12-31,Margherita Pizza,169.0,-1.2,0,Sunday,4.92,,,0,1
2023-07-29,Mushroom Risotto,178.0,33.4,0,Saturday,4.68,34596.0,26685.0,1,0
2023-05-03,Fish and Chips,,14.9,0,Wednesday,0.71,49210.0,36093.0,0,0
2023-06-29,Vegetable Stir Fry,112.0,,0,Thursday,1.45,29309.0,,1,0
2023-08-09,Pasta Carbonara,169.0,36.6,0,Wednesday,1.89,47407.0,31278.0,1,0
2023-03-28,Fish and Chips,153.0,18.6,0,Tuesday,1.63,47411.0,33462.0,1,0
2023-09-10,Sushi Set,183.0,19.3,0,Sunday,2.61,55634.0,46351.0,0,0
2023-07-14,Manti,130.0,26.2,0,Friday,2.51,,19354.0,0,0
2023-06-04,Grilled Chicken,241.0,24.6,0,Sunday,3.85,55441.0,35438.0,1,1
2023-05-11,Seafood Paella,149.0,18.2,0,Thursday,,65207.0,40780.0,0,0
2023-08-29,Sushi Set,227.0,32.0,0,Tuesday,4.94,65297.0,,1,0
2023-01-07,Lamb Kebab,214.0,-8.1,0,Saturday,4.7,52010.0,38230.0,0,0
2023-04-28,Shashlik,76.0,24.9,0,Friday,1.74,44453.0,,0,1
2023-02-10,Caesar Salad,121.0,0.3,0,Friday,1.4,41248.0,,0,0
2023-12-17,Thai Green Curry,298.0,-0.4,0,Sunday,3.3,,,0,0
2023-04-02,Thai Green Curry,163.0,,0,Sunday,,40632.0,27688.0,0,0
2023-04-17,Chicken Tikka,220.0,22.5,0,Monday,3.17,35882.0,32478.0,1,0
2023-07-13,Beef Steak,250.0,32.3,0,Thursday,3.31,83454.0,60927.0,0,0
2023-12-07,Chicken Tikka,,0.4,0,Thursday,3.07,37827.0,31748.0,0,0
2023-04-26,Grilled Chicken,123.0,14.9,0,Wednesday,0.89,50135.0,41736.0,0,0
2023-03-19,Mushroom Risotto,189.0,13.5,0,Sunday,4.23,42467.0,26808.0,0,0
2023-11-29,Samsa,71.0,2.6,0,Wednesday,2.03,13942.0,10072.0,0,1
2023-07-14,Lamb Kebab,155.0,34.0,0,Friday,2.14,,40373.0,0,0
2023-09-28,Plov,151.0,15.0,0,Thursday,2.55,29875.0,25982.0,1,0
2023-05-04,Pasta Carbonara,,7.4,0,Thursday,5.16,44466.0,29112.0,1,0
2023-12-03,Chicken Tikka,259.0,-5.7,0,Sunday,3.66,,30332.0,0,0
2023-01-31,Vegetable Stir Fry,162.0,2.2,0,Tuesday,1.67,30333.0,23043.0,1,0
2023-07-14,Caesar Salad,102.0,32.5,0,Friday,1.79,42131.0,28036.0,1,1
2023-10-24,Fish and Chips,134.0,11.6,0,Tuesday,2.49,48870.0,35835.0,0,0
2023-08-08,Grilled Chicken,77.0,35.1,0,Tuesday,0.61,,40326.0,0,0
2023-04-24,Samsa,,15.7,0,Monday,1.98,16536.0,9862.0,1,0
2023-06-16,Manti,198.0,36.1,0,Friday,5.41,26093.0,16361.0,0,0
2023-05-26,Fish and Chips,134.0,,0,Friday,2.96,38505.0,35604.0,0,0
2023-01-24,Tom Yum Soup,207.0,9.3,0,Tuesday,,36279.0,25506.0,0,0
2023-07-06,Lagman,102.0,33.4,0,Thursday,1.53,,22628.0,0,0
2023-08-20,Seafood Paella,129.0,36.9,0,Sunday,3.91,56704.0,47779.0,0,1
2023-09-22,Beef Steak,,15.7,0,Friday,3.32,66547.0,54685.0,0,1
2023-06-25,Beef Steak,131.0,40.3,0,Sunday,1.82,71466.0,63438.0,0,0
2023-03-30,Shashlik,86.0,15.6,0,Thursday,1.45,49172.0,38069.0,0,0
2023-06-20,Lamb Kebab,73.0,38.1,0,Tuesday,0.81,48167.0,,0,0
2023-11-17,Plov,,22.0,0,Friday,,35595.0,29334.0,0,0
2023-05-23,Mushroom Risotto,95.0,17.2,0,Tuesday,,43220.0,,0,0
2023-08-15,Mushroom Risotto,196.0,,0,Tuesday,3.48,38170.0,26155.0,1,0
2023-01-17,Lagman,217.0,-0.6,0,Tuesday,2.65,26441.0,23419.0,0,0
2023-01-31,Sushi Set,109.0,5.8,0,Tuesday,1.2,71238.0,47286.0,0,0
2023-08-28,Chicken Tikka,117.0,40.9,0,Monday,2.73,46363.0,33486.0,1,1
2023-03-22,Grilled Chicken,354.0,13.2,1,Wednesday,11.19,55184.0,36172.0,0,1
2023-05-10,Fish and Chips,210.0,24.1,0,Wednesday,2.13,49629.0,33632.0,1,0
2023-04-07,Sushi Set,79.0,24.9,0,Friday,1.2,73873.0,49967.0,0,1
2023-03-18,Plov,194.0,18.7,0,Saturday,4.32,30860.0,26756.0,0,0
2023-12-06,Pasta Carbonara,141.0,5.0,0,Wednesday,1.67,36697.0,,0,0
2023-06-29,Manti,157.0,44.4,0,Thursday,2.66,21559.0,17102.0,0,0
2023-03-31,Manti,158.0,18.9,0,Friday,2.53,,18491.0,0,0
2023-08-30,Lamb Kebab,110.0,34.1,0,Wednesday,2.11,58908.0,45047.0,0,0
2023-07-09,Grilled Chicken,171.0,36.9,0,Sunday,4.59,47413.0,41215.0,0,0
2023-06-13,Thai Green Curry,62.0,31.5,0,Tuesday,,34905.0,27997.0,1,0
2023-10-01,Samsa,127.0,22.7,0,Sunday,2.24,13985.0,10757.0,0,0
2023-10-01,Caesar Salad,232.0,9.6,0,Sunday,2.08,41737.0,29370.0,0,0
2023-04-20,Lamb Kebab,202.0,8.2,0,Thursday,4.71,48023.0,39227.0,1,0
2023-03-03,Sushi Set,155.0,,0,Friday,3.46,63341.0,52127.0,0,1
2023-11-30,Lagman,194.0,22.1,0,Thursday,,31149.0,20644.0,0,0
2023-01-15,Pasta Carbonara,270.0,-1.3,0,Sunday,,44127.0,33911.0,0,0
2023-11-22,Vegetable Stir Fry,241.0,21.6,0,Wednesday,2.45,33883.0,23797.0,1,0
2023-02-10,Chicken Tikka,157.0,-1.2,0,Friday,2.22,40786.0,31335.0,0,0
2023-06-08,Chicken Tikka,187.0,35.5,0,Thursday,3.52,40717.0,31981.0,0,1
2023-09-11,Vegetable Stir Fry,109.0,15.2,0,Monday,1.44,29527.0,20248.0,0,0
2023-06-28,Thai Green Curry,214.0,39.8,0,Wednesday,3.2,43528.0,30720.0,0,0
2023-05-04,Chicken Tikka,161.0,8.7,0,Thursday,2.24,36213.0,32581.0,0,0
2023-03-06,Seafood Paella,216.0,10.7,0,Monday,1.92,65243.0,,1,0
2023-03-16,Grilled Chicken,91.0,17.0,0,Thursday,1.05,56092.0,34621.0,0,1
2023-05-21,Seafood Paella,228.0,18.7,0,Sunday,4.42,63103.0,42028.0,1,0
2023-07-10,Beef Steak,242.0,32.6,0,Monday,6.45,,62681.0,1,0
2023-01-24,Chicken Tikka,106.0,2.8,0,Tuesday,1.64,47897.0,33298.0,0,0
2023-11-25,Fish and Chips,,14.2,0,Saturday,3.84,44178.0,36359.0,1,1
2023-12-26,Sushi Set,248.0,-0.2,0,Tuesday,2.62,74001.0,,0,0
2023-04-17,Thai Green Curry,125.0,19.1,0,Monday,1.92,41859.0,,0,1
2023-05-16,Margherita Pizza,97.0,18.8,0,Tuesday,1.51,38441.0,27426.0,0,0
2023-09-24,Sushi Set,208.0,10.8,0,Sunday,4.71,55752.0,51035.0,0,0
2023-09-14,Caesar Salad,176.0,19.0,0,Thursday,3.59,45917.0,31549.0,0,1
2023-12-22,Vegetable Stir Fry,77.0,-5.0,0,Friday,0.9,30104.0,19823.0,0,0
2023-03-25,Seafood Paella,255.0,19.5,0,Saturday,3.63,68530.0,42240.0,0,0
2023-12-22,Mushroom Risotto,179.0,-1.4,0,Friday,1.35,37676.0,26473.0,0,1
2023-05-15,Fish and Chips,,14.6,0,Monday,2.99,46325.0,32397.0,0,1
2023-04-21,Vegetable Stir Fry,173.0,8.9,0,Friday,2.7,25765.0,21366.0,0,1
2023-08-10,Seafood Paella,164.0,30.2,0,Thursday,2.43,65379.0,41729.0,0,0
2023-03-23,Manti,256.0,14.3,1,Thursday,,22157.0,,0,0
2023-07-03,Mushroom Risotto,162.0,37.9,0,Monday,2.93,34027.0,25725.0,1,0
2023-05-03,Pasta Carbonara,234.0,20.5,0,Wednesday,4.0,37172.0,,0,0
2023-07-28,Manti,144.0,44.0,0,Friday,2.74,28609.0,19556.0,0,0
2023-08-23,Grilled Chicken,102.0,37.5,0,Wednesday,1.01,56934.0,37452.0,0,1
2023-09-17,Thai Green Curry,266.0,4.8,0,Sunday,5.12,45710.0,29202.0,0,0
2023-06-06,Shashlik,208.0,,0,Tuesday,6.13,,32819.0,0,0
2023-04-18,Margherita Pizza,152.0,15.7,0,Tuesday,1.36,,30473.0,0,1
2023-08-26,Grilled Chicken,237.0,27.3,0,Saturday,,,40180.0,1,0
2023-12-10,Beef Steak,467.0,-3.4,1,Sunday,3.47,74728.0,54364.0,0,0
2023-07-14,Vegetable Stir Fry,165.0,31.3,0,Friday,4.18,32334.0,20235.0,0,0
2023-09-30,Thai Green Curry,282.0,13.6,0,Saturday,7.51,43917.0,28920.0,0,0
2023-03-09,Manti,151.0,21.3,1,Thursday,5.57,22856.0,17427.0,0,0
2023-05-24,Plov,,22.9,0,Wednesday,2.76,34791.0,27920.0,0,0
2023-12-10,Manti,221.0,2.6,0,Sunday,4.7,26780.0,18043.0,0,0
2023-12-10,Manti,156.0,1.7,0,Sunday,2.01,27147.0,16521.0,0,0
2023-06-18,Margherita Pizza,83.0,40.6,0,Sunday,2.69,45970.0,29961.0,0,1
2023-05-04,Caesar Salad,145.0,,0,Thursday,2.66,,32150.0,0,0
2023-04-23,Chicken Tikka,196.0,19.4,0,Sunday,4.13,,29227.0,0,0
2023-11-28,Seafood Paella,194.0,18.6,0,Tuesday,4.06,61684.0,41157.0,1,0
2023-07-22,Lamb Kebab,266.0,27.9,0,Saturday,2.58,58765.0,40889.0,0,0
2023-04-26,Thai Green Curry,216.0,21.6,0,Wednesday,4.52,40118.0,30007.0,0,0
2023-03-07,Fish and Chips,,16.0,0,Tuesday,2.29,49211.0,36496.0,1,0
2023-09-03,Lamb Kebab,163.0,8.5,0,Sunday,1.57,58201.0,39335.0,1,0
2023-02-24,Shashlik,222.0,-7.0,0,Friday,4.3,,35715.0,1,0
2023-06-13,Plov,,,0,Tuesday,,38244.0,29572.0,0,0
2023-11-13,Samsa,188.0,14.3,0,Monday,2.78,12859.0,10290.0,1,0
2023-10-05,Beef Steak,147.0,15.6,0,Thursday,1.54,84032.0,58666.0,0,0
2023-10-18,Burger & Fries,,26.7,0,Wednesday,5.35,39727.0,29860.0,0,0
2023-05-29,Tom Yum Soup,121.0,,0,Monday,2.23,33934.0,22595.0,0,0
2023-01-12,Samsa,249.0,0.2,0,Thursday,6.64,16221.0,,1,1
2023-06-07,Beef Steak,93.0,45.0,0,Wednesday,1.13,74348.0,54312.0,0,0
2023-01-15,Plov,240.0,-8.6,0,Sunday,2.65,36144.0,29506.0,0,0
2023-05-05,Manti,132.0,9.5,0,Friday,2.28,26133.0,16997.0,0,0
2023-06-03,Chicken Tikka,230.0,40.5,0,Saturday,8.08,44616.0,35025.0,1,0
2023-01-30,Fish and Chips,,-9.7,0,Monday,3.27,39464.0,34431.0,0,0
2023-05-05,Burger & Fries,,,0,Friday,1.88,35149.0,,0,0
2023-03-30,Burger & Fries,224.0,,0,Thursday,2.51,,26893.0,1,1
2023-08-19,Chicken Tikka,173.0,35.3,0,Saturday,3.49,35898.0,31730.0,1,0
2023-01-13,Plov,191.0,-1.3,0,Friday,,33916.0,27614.0,0,0
2023-04-14,Manti,248.0,9.5,0,Friday,6.21,22879.0,18770.0,0,0
2023-05-08,Lagman,223.0,,0,Monday,4.77,32780.0,23321.0,0,0
2023-04-22,Beef Steak,172.0,22.2,0,Saturday,2.51,66570.0,56108.0,0,0
2023-06-10,Seafood Paella,133.0,38.7,0,Saturday,2.88,61022.0,48925.0,0,0
2023-06-05,Seafood Paella,95.0,42.5,0,Monday,1.77,56837.0,49069.0,1,0
2023-11-30,Margherita Pizza,199.0,11.7,0,Thursday,1.65,41386.0,27771.0,0,0
2023-12-02,Burger & Fries,,-0.5,0,Saturday,,33185.0,,1,1
2023-07-06,Burger & Fries,203.0,32.1,0,Thursday,2.32,,29192.0,0,0
2023-10-09,Caesar Salad,170.0,12.6,0,Monday,1.76,45788.0,28188.0,1,0
2023-12-09,Fish and Chips,314.0,7.4,0,Saturday,3.86,46266.0,34514.0,0,0
2023-03-10,Caesar Salad,,20.4,0,Friday,,40493.0,27530.0,1,0
2023-06-24,Chicken Tikka,,29.7,0,Saturday,6.31,39883.0,33041.0,1,0
2023-09-17,Samsa,186.0,,0,Sunday,,14529.0,9349.0,0,0
2023-02-21,Vegetable Stir Fry,73.0,,0,Tuesday,0.74,30290.0,22356.0,0,0
2023-12-11,Seafood Paella,215.0,7.4,0,Monday,3.71,55139.0,41833.0,0,1
2023-09-14,Beef Steak,193.0,18.1,0,Thursday,2.09,66654.0,59542.0,0,0
2023-04-13,Lagman,226.0,17.1,0,Thursday,3.29,30546.0,21916.0,0,0
2023-01-06,Lamb Kebab,,-2.9,0,Friday,2.36,53692.0,42854.0,0,0
2023-07-20,Mushroom Risotto,204.0,38.8,0,Thursday,4.4,43222.0,26586.0,0,0
2023-07-04,Vegetable Stir Fry,98.0,37.2,0,Tuesday,1.38,30195.0,21307.0,0,0
2023-08-03,Shashlik,118.0,42.4,0,Thursday,1.83,46924.0,34706.0,1,0
2023-08-10,Grilled Chicken,102.0,32.9,0,Thursday,0.94,53220.0,38515.0,0,0
2023-06-23,Pasta Carbonara,179.0,35.5,0,Friday,,,32507.0,0,0
2023-12-13,Shashlik,,-3.1,0,Wednesday,3.94,51743.0,37346.0,0,0
2023-07-21,Chicken Tikka,84.0,37.6,0,Friday,2.24,46025.0,32752.0,0,0
